the-alley-lujiaoxiang-haymarket, https://www.zomato.com/sydney/the-alley-lujiaoxiang-haymarket, success
bubble-nini-tea-chippendale, https://www.zomato.com/sydney/bubble-nini-tea-chippendale, success
tea-shop-express-cbd, https://www.zomato.com/sydney/tea-shop-express-cbd, success
paletté-cbd, https://www.zomato.com/sydney/paletté-cbd, success
no-fail-fruit-and-bubble-tea-cbd, https://www.zomato.com/sydney/no-fail-fruit-and-bubble-tea-cbd, success
gotcha-fresh-tea-1-cbd, https://www.zomato.com/sydney/gotcha-fresh-tea-1-cbd, success
coco-fresh-tea-juice-chippendale, https://www.zomato.com/sydney/coco-fresh-tea-juice-chippendale, success
king-tea-parramatta, https://www.zomato.com/sydney/king-tea-parramatta, success
heettea-burwood, https://www.zomato.com/sydney/heettea-burwood, success
chatime-2-haymarket, https://www.zomato.com/sydney/chatime-2-haymarket, success
cha-ball-burwood, https://www.zomato.com/sydney/cha-ball-burwood, success
yomies-rice-x-yogurt-haymarket, https://www.zomato.com/sydney/yomies-rice-x-yogurt-haymarket, success
koomi-haymarket, https://www.zomato.com/sydney/koomi-haymarket, success
bengongs-tea-bakery-burwood, https://www.zomato.com/sydney/bengongs-tea-bakery-burwood, success
at-tea-chippendale, https://www.zomato.com/sydney/at-tea-chippendale, success
milk-flower-burwood, https://www.zomato.com/sydney/milk-flower-burwood, success
bean-code-chatswood, https://www.zomato.com/sydney/bean-code-chatswood, success
kiosk-five-cafe-pyrmont, https://www.zomato.com/sydney/kiosk-five-cafe-pyrmont, success
the-moment-cbd, https://www.zomato.com/sydney/the-moment-cbd, success
sharetea-haymarket, https://www.zomato.com/sydney/sharetea-haymarket, success
ms-gs-potts-point, https://www.zomato.com/sydney/ms-gs-potts-point, success
gong-cha-kingsford, https://www.zomato.com/sydney/gong-cha-kingsford, success
cheer-tea-ultimo, https://www.zomato.com/sydney/cheer-tea-ultimo, success
yifang-taiwan-fruit-tea-cbd, https://www.zomato.com/sydney/yifang-taiwan-fruit-tea-cbd, success
beau-tea-cabramatta, https://www.zomato.com/sydney/beau-tea-cabramatta, success
tenfourteen-kingsford, https://www.zomato.com/sydney/tenfourteen-kingsford, success
diamond-cafe-hurstville, https://www.zomato.com/sydney/diamond-cafe-hurstville, success
latitude-37-n-burwood, https://www.zomato.com/sydney/latitude-37-n-burwood, success
qq-tea-parramatta, https://www.zomato.com/sydney/qq-tea-parramatta, success
song-tea-1-cbd, https://www.zomato.com/sydney/song-tea-1-cbd, success
yan-tea-hurstville, https://www.zomato.com/sydney/yan-tea-hurstville, success
flying-zebra-bankstown, https://www.zomato.com/sydney/flying-zebra-bankstown, success
modern-china-tea-shop-burwood, https://www.zomato.com/sydney/modern-china-tea-shop-burwood, success
a-cup-of-tea-rhodes, https://www.zomato.com/sydney/a-cup-of-tea-rhodes, success
easyway-tea-campsie, https://www.zomato.com/sydney/easyway-tea-campsie, success
pailou-bar-cafe-haymarket, https://www.zomato.com/sydney/pailou-bar-cafe-haymarket, success
thu-phung-cabramatta, https://www.zomato.com/sydney/thu-phung-cabramatta, success
presotea-hurstville, https://www.zomato.com/sydney/presotea-hurstville, success
a-little-cha-eastgardens, https://www.zomato.com/sydney/a-little-cha-eastgardens, success
dayungs-campsie, https://www.zomato.com/sydney/dayungs-campsie, success
hi-tea-kingsford, https://www.zomato.com/sydney/hi-tea-kingsford, success
original-royaltea-haymarket, https://www.zomato.com/sydney/original-royaltea-haymarket, success
hey-juice-chatswood, https://www.zomato.com/sydney/hey-juice-chatswood, success
mr-tea-juice-lab-cabramatta, https://www.zomato.com/sydney/mr-tea-juice-lab-cabramatta, success
stochastic-newtown, https://www.zomato.com/sydney/stochastic-newtown, success
ice-cube-sweet-burwood, https://www.zomato.com/sydney/ice-cube-sweet-burwood, success
bubble-n-sweets-hurstville, https://www.zomato.com/sydney/bubble-n-sweets-hurstville, success
the-moo-eastwood, https://www.zomato.com/sydney/the-moo-eastwood, success
blackball-eastwood, https://www.zomato.com/sydney/blackball-eastwood, success
machi-machi-cbd, https://www.zomato.com/sydney/machi-machi-cbd, success
ks-noodle-bar-parramatta, https://www.zomato.com/sydney/ks-noodle-bar-parramatta, success
crowntea-cabramatta, https://www.zomato.com/sydney/crowntea-cabramatta, success
happy-cup-1-cabramatta, https://www.zomato.com/sydney/happy-cup-1-cabramatta, success
gong-cha-penrith, https://www.zomato.com/sydney/gong-cha-penrith, success
bubble-bean-kogarah, https://www.zomato.com/sydney/bubble-bean-kogarah, success
little-chai-campsie, https://www.zomato.com/sydney/little-chai-campsie, success
epic-tea-haymarket, https://www.zomato.com/sydney/epic-tea-haymarket, success
hey-juice-blacktown, https://www.zomato.com/sydney/hey-juice-blacktown, success
tea-break-manly,https://www.zomato.com/sydney/tea-break-manly,failtea-talk-waterloo, https://www.zomato.com/sydney/tea-talk-waterloo, success
pann-tea-ashfield, https://www.zomato.com/sydney/pann-tea-ashfield, success
dee-fruity-garden-beecroft, https://www.zomato.com/sydney/dee-fruity-garden-beecroft, success
royal-tea-auburn, https://www.zomato.com/sydney/royal-tea-auburn, success
tenfourteen-kogarah, https://www.zomato.com/sydney/tenfourteen-kogarah, success
tea-mates-homebush-west, https://www.zomato.com/sydney/tea-mates-homebush-west, success
yogurt-king-burwood, https://www.zomato.com/sydney/yogurt-king-burwood, success
hey-juice-carlingford,https://www.zomato.com/sydney/hey-juice-carlingford,failchatime-wentworth-point, https://www.zomato.com/sydney/chatime-wentworth-point, success
yukino-waterloo, https://www.zomato.com/sydney/yukino-waterloo, success
dessert-lab-mount-druitt, https://www.zomato.com/sydney/dessert-lab-mount-druitt, success
gong-cha-1-bankstown, https://www.zomato.com/sydney/gong-cha-1-bankstown, success
chapoint-riverwood-southern-sydney, https://www.zomato.com/sydney/chapoint-riverwood-southern-sydney, success
gong-cha-mount-druitt, https://www.zomato.com/sydney/gong-cha-mount-druitt, success
cho-dumpling-king-haymarket, https://www.zomato.com/sydney/cho-dumpling-king-haymarket, success
teaplus-kingsford, https://www.zomato.com/sydney/teaplus-kingsford, success
daruma-tea-haymarket, https://www.zomato.com/sydney/daruma-tea-haymarket, success
sushi-ko-penrith, https://www.zomato.com/sydney/sushi-ko-penrith, success
the-fifth-district-of-pipe-mill-cbd, https://www.zomato.com/sydney/the-fifth-district-of-pipe-mill-cbd, success
85-degrees-bakery-cafe-parramatta, https://www.zomato.com/sydney/85-degrees-bakery-cafe-parramatta, success
just-fry-strathfield, https://www.zomato.com/sydney/just-fry-strathfield, success
wok-king-auburn, https://www.zomato.com/sydney/wok-king-auburn, success
holy-shake-mascot, https://www.zomato.com/sydney/holy-shake-mascot, success
isabelles-blacktown, https://www.zomato.com/sydney/isabelles-blacktown, success
the-burwood-hotel-burwood, https://www.zomato.com/sydney/the-burwood-hotel-burwood, success
kumiho-parramatta, https://www.zomato.com/sydney/kumiho-parramatta, success
top-juice-4-cbd, https://www.zomato.com/sydney/top-juice-4-cbd, success
sunflower-taiwanese-gourmet-ultimo, https://www.zomato.com/sydney/sunflower-taiwanese-gourmet-ultimo, success
happy-cup-cabramatta, https://www.zomato.com/sydney/happy-cup-cabramatta, success
bings-baos-beer-barangaroo, https://www.zomato.com/sydney/bings-baos-beer-barangaroo, success
