arisun-cbd;https://www.zomato.com/sydney/arisun-cbd;java.lang.ArrayIndexOutOfBoundsException: -1 Could not parse address: Shop 35, 1 Dixon Street, Chinatown, CBD, Sydney CBD NSW


chat-thai-1-cbd;https://www.zomato.com/sydney/chat-thai-1-cbd;java.lang.ArrayIndexOutOfBoundsException: -1 Could not parse address: Level 6, Westfield Pitt Street Mall, 188 Pitt Street, CBD, Sydney CBD NSW


boon-cafe-eatery-jarern-chai-grocer-haymarket;https://www.zomato.com/sydney/boon-cafe-eatery-jarern-chai-grocer-haymarket;java.lang.ArrayIndexOutOfBoundsException: -1 Could not parse address: 425 Pitt Street, Haymarket, Chinatown, Sydney Haymarket NSW


shortstop-coffee-donuts-barangaroo;https://www.zomato.com/sydney/shortstop-coffee-donuts-barangaroo;java.lang.ArrayIndexOutOfBoundsException: -1 Could not parse address: Shop 3, 23 Barangaroo Avenue, Barangaroo, Sydney Barangaroo


the-missing-piece-cafe-macquarie-park;https://www.zomato.com/sydney/the-missing-piece-cafe-macquarie-park;java.lang.ArrayIndexOutOfBoundsException: -1 Could not parse address: Level 3, Macquarie Centre, Corner Of Herring Road And Waterloo Road, Macquarie Park, Sydney Macquarie Park


butcher-and-the-farmer-forest-lodge;https://www.zomato.com/sydney/butcher-and-the-farmer-forest-lodge;java.lang.ArrayIndexOutOfBoundsException: -1 Could not parse address: Tramsheds, 1 Dalgal Way, Forest Lodge, Sydney, Glebe, Sydney Forest Lodge NSW


inferno-grill-cafe-maroubra;https://www.zomato.com/sydney/inferno-grill-cafe-maroubra;java.lang.ArrayIndexOutOfBoundsException: -1 Could not parse address: Shop 3, 944 Anzac Parade, Maroubra, Sydney Maroubra


mas-que-st-leonards;https://www.zomato.com/sydney/mas-que-st-leonards;java.lang.ArrayIndexOutOfBoundsException: -1 Could not parse address: Shop 2, Ground Floor, 38-46 Albany Street, St Leonards, Sydney St Leonards NSW


kepos-co-waterloo;https://www.zomato.com/sydney/kepos-co-waterloo;java.lang.ArrayIndexOutOfBoundsException: -1 Could not parse address: Shop 5, Casba, 18 Danks Street, Waterloo, Sydney Waterloo


hurricanes-grill-darling-harbour-darling-harbour;https://www.zomato.com/sydney/hurricanes-grill-darling-harbour-darling-harbour;java.lang.ArrayIndexOutOfBoundsException: -1 Could not parse address: Shops 433-436, Level 2, Harbourside Shopping Centre, 2-10 Darling Drive, Darling Harbour, Sydney Darling Harbour NSW


brainwave-cafe-ultimo;https://www.zomato.com/sydney/brainwave-cafe-ultimo;java.lang.ArrayIndexOutOfBoundsException: -1 Could not parse address: Shop 94, 732 Harris Street, Ultimo, Sydney Ultimo


assámm-thai-by-chat-thai-cbd;https://www.zomato.com/sydney/assámm-thai-by-chat-thai-cbd;java.lang.ArrayIndexOutOfBoundsException: -1 Could not parse address: Shop 17, Lower Ground 2, QVB, 455 George Street, CBD, Sydney CBD CBD


armory-wharf-cafe-sydney-olympic-park;https://www.zomato.com/sydney/armory-wharf-cafe-sydney-olympic-park;java.lang.ArrayIndexOutOfBoundsException: -1 Could not parse address: Blaxland Riverside Park, Jamieson Street, Sydney Olympic Park, Sydney Sydney Olympic Park NSW


caffe-dante-1-cbd;https://www.zomato.com/sydney/caffe-dante-1-cbd;java.lang.ArrayIndexOutOfBoundsException: -1 Could not parse address: Level 1, Midcity Centre, 420 George Street, NSW, CBD, Sydney CBD NSW


dachshund-coffee-hunters-hill;https://www.zomato.com/sydney/dachshund-coffee-hunters-hill;java.lang.ArrayIndexOutOfBoundsException: -1 Could not parse address: Shop 4, 64-68 Gladesville Road, Hunters Hill, Sydney Hunters Hill NSW


hunter-barrel-darling-harbour;https://www.zomato.com/sydney/hunter-barrel-darling-harbour;java.lang.ArrayIndexOutOfBoundsException: -1 Could not parse address: Roof Terrace, Level 2, Cockle Bay Wharf, Darling Harbour, Sydney Darling Harbour NSW


yangs-dumpling-burwood;https://www.zomato.com/sydney/yangs-dumpling-burwood;java.lang.ArrayIndexOutOfBoundsException: -1 Could not parse address: Shop 9, 11-15 Deane Street, Burwood, Sydney Burwood


kellys-bar-and-grill-bondi-junction;https://www.zomato.com/sydney/kellys-bar-and-grill-bondi-junction;java.lang.ArrayIndexOutOfBoundsException: -1 Could not parse address: Level 6, Westfield Bondi Junction, 500 Oxford Street, Bondi Junction, Sydney Bondi Junction NSW


bombay-street-kitchen-glebe;https://www.zomato.com/sydney/bombay-street-kitchen-glebe;java.lang.ArrayIndexOutOfBoundsException: -1 Could not parse address: University Hall Building, Corner Glebe Point Road and Parramatta Road, Glebe, Sydney Glebe


zushi-barangaroo-barangaroo;https://www.zomato.com/sydney/zushi-barangaroo-barangaroo;java.lang.ArrayIndexOutOfBoundsException: -1 Could not parse address: 10/33, Barangaroo Avenue, Barangaroo, Sydney Barangaroo


chao-ba-chatswood;https://www.zomato.com/sydney/chao-ba-chatswood;java.lang.ArrayIndexOutOfBoundsException: -1 Could not parse address: The Concourse, Shop 5, 409 Victoria Avenue, Chatswood, Sydney Chatswood


papparich-bankstown;https://www.zomato.com/sydney/papparich-bankstown;java.lang.ArrayIndexOutOfBoundsException: -1 Could not parse address: Shop G13-G14, Little Saigon Plaza, 462 Chapel Road, Bankstown, Sydney Bankstown NSW


arabella-restaurant-bar-newtown;https://www.zomato.com/sydney/arabella-restaurant-bar-newtown;java.lang.ArrayIndexOutOfBoundsException: -1 Could not parse address: Shop 12, 489-491 King Street, Newtown, Sydney Newtown


ribs-burgers-chippendale;https://www.zomato.com/sydney/ribs-burgers-chippendale;java.lang.ArrayIndexOutOfBoundsException: -1 Could not parse address: Shop RB09A, Lower Ground Level, Central Shopping Centre, 28 Broadway, Chippendale, Sydney Chippendale Chippendale


yebisu-bar-grill-haymarket;https://www.zomato.com/sydney/yebisu-bar-grill-haymarket;java.lang.ArrayIndexOutOfBoundsException: -1 Could not parse address: 55 Dixon Street, Chinatown, Haymarket, Sydney Haymarket NSW


helm-bar-darling-harbour;https://www.zomato.com/sydney/helm-bar-darling-harbour;java.lang.ArrayIndexOutOfBoundsException: -1 Could not parse address: Aquarium Wharf, 7 Wheat Road, Darling Harbour, Sydney Darling Harbour NSW


mv-bistro-wine-bar-1-surry-hills;https://www.zomato.com/sydney/mv-bistro-wine-bar-1-surry-hills;java.lang.ArrayIndexOutOfBoundsException: -1 Could not parse address: 397 Crown Street, Surry Hills, Surry Hills, Sydney Surry Hills


bl-burgers-darlinghurst;https://www.zomato.com/sydney/bl-burgers-darlinghurst;java.lang.ArrayIndexOutOfBoundsException: -1 Could not parse address: Shop 1, 151 Oxford Street, Darlinghurst, Sydney Darlinghurst


il-grappolo-rozelle;https://www.zomato.com/sydney/il-grappolo-rozelle;java.lang.ArrayIndexOutOfBoundsException: -1 Could not parse address: 1, 41 Terry Street, Rozelle, Sydney Rozelle


juicy-lucy-kingsford;https://www.zomato.com/sydney/juicy-lucy-kingsford;java.lang.ArrayIndexOutOfBoundsException: -1 Could not parse address: Regent Hotel, 418 Anzac Parade, Kingsford, Sydney Kingsford


dhakshin-south-indian-restaurant-crows-nest;https://www.zomato.com/sydney/dhakshin-south-indian-restaurant-crows-nest;null Could not parse lat and lng from 


muum-maam-barangaroo;https://www.zomato.com/sydney/muum-maam-barangaroo;java.lang.ArrayIndexOutOfBoundsException: -1 Could not parse address: Wulugul Walk, 23 Barangaroo Avenue, Barangaroo, Sydney Barangaroo


phulkari-indian-cuisine-balgowlah;https://www.zomato.com/sydney/phulkari-indian-cuisine-balgowlah;java.lang.ArrayIndexOutOfBoundsException: -1 Could not parse address: Shop 2, Balgowlah Plaza, 318 Sydney Road, Balgowlah, Sydney Balgowlah NSW


jkg-shancheng-hotpot-king-cbd;https://www.zomato.com/sydney/jkg-shancheng-hotpot-king-cbd;java.lang.ArrayIndexOutOfBoundsException: -1 Could not parse address: 8A, 363 Sussex Street, Chinatown, CBD, Sydney CBD NSW


sofies-greek-restaurant-balmain;https://www.zomato.com/sydney/sofies-greek-restaurant-balmain;java.lang.ArrayIndexOutOfBoundsException: -1 Could not parse address: UPSTAIRS, 386 Darling Street, Balmain, Sydney Balmain NSW


the-bavarian-chatswood-chatswood;https://www.zomato.com/sydney/the-bavarian-chatswood-chatswood;java.lang.ArrayIndexOutOfBoundsException: -1 Could not parse address: Shops 4-6, 1-5 Railway Street, Chatswood, Sydney Chatswood


ikea-restaurant-and-café-rhodes;https://www.zomato.com/sydney/ikea-restaurant-and-café-rhodes;java.lang.ArrayIndexOutOfBoundsException: -1 Could not parse address: Rhodes Waterside, 1 Rider Boulevard, Rhodes, Sydney Rhodes


phomo-barangaroo;https://www.zomato.com/sydney/phomo-barangaroo;java.lang.ArrayIndexOutOfBoundsException: -1 Could not parse address: Shop 9, 33 Barangaroo Avenue, Barangaroo, Sydney Barangaroo NSW


mamma-teresa-kingsford;https://www.zomato.com/sydney/mamma-teresa-kingsford;java.lang.Exception: Could not parse one part address Could not parse address: 412 Anzac Parade


vue-bar-bondi-beach;https://www.zomato.com/sydney/vue-bar-bondi-beach;java.lang.ArrayIndexOutOfBoundsException: -1 Could not parse address: Level 1, 80 Campbell Parade, Bondi Beach, Sydney Bondi Beach


happy-as-larry-cbd;https://www.zomato.com/sydney/happy-as-larry-cbd;java.lang.ArrayIndexOutOfBoundsException: -1 Could not parse address: 23 Jamison Street, CBD, Sydney, NSW CBD


china-chilli-hotpot-haymarket;https://www.zomato.com/sydney/china-chilli-hotpot-haymarket;java.lang.ArrayIndexOutOfBoundsException: -1 Could not parse address: Ground floor, 2 Cunningham Street, Haymarket, Sydney, NSW Haymarket NSW


tokio-fans-baulkham-hills;https://www.zomato.com/sydney/tokio-fans-baulkham-hills;java.lang.ArrayIndexOutOfBoundsException: -1 Could not parse address: Shop G04, Building 8, Norwest Central, Century Circuit, Baulkham Hills, Sydney Baulkham Hills


rasa-delights-eastwood;https://www.zomato.com/sydney/rasa-delights-eastwood;java.lang.ArrayIndexOutOfBoundsException: -1 Could not parse address: Shop 115, 80 Rowe Street, Eastwood, Sydney Eastwood


secret-slice-west-ryde;https://www.zomato.com/sydney/secret-slice-west-ryde;java.lang.ArrayIndexOutOfBoundsException: -1 Could not parse address: Shop 1, 3-5 Anthony Road, West Ryde, Sydney West Ryde NSW


rosettis-cafe-wetherill-park;https://www.zomato.com/sydney/rosettis-cafe-wetherill-park;java.lang.ArrayIndexOutOfBoundsException: -1 Could not parse address: Shop 27, 1024 The Horsley Drive, Wetherill Park, Sydney Wetherill Park NSW


in-the-mood-for-thai-parramatta;https://www.zomato.com/sydney/in-the-mood-for-thai-parramatta;java.lang.ArrayIndexOutOfBoundsException: -1 Could not parse address: Shop 3, 52-60 George Street, Parramatta, Sydney Parramatta


penang-cuisine-epping;https://www.zomato.com/sydney/penang-cuisine-epping;java.lang.ArrayIndexOutOfBoundsException: -1 Could not parse address: Shop 32, 74 Rawson Street, Epping, Sydney Epping


haris-vegetarian-haymarket;https://www.zomato.com/sydney/haris-vegetarian-haymarket;java.lang.ArrayIndexOutOfBoundsException: -1 Could not parse address: 107-121 Quay Street, Chinatown, Haymarket, Sydney Haymarket


bondis-best-north-bondi;https://www.zomato.com/sydney/bondis-best-north-bondi;java.lang.ArrayIndexOutOfBoundsException: -1 Could not parse address: Shop 1, 39-53 Campbell Parade, North Bondi, Sydney North Bondi NSW


alex-lee-kitchen-spice-alley-chippendale;https://www.zomato.com/sydney/alex-lee-kitchen-spice-alley-chippendale;java.lang.ArrayIndexOutOfBoundsException: -1 Could not parse address: Spice Alley, 18-20 Kensington Street, Chippendale, Sydney Chippendale


amici-di-kogarah-kogarah;https://www.zomato.com/sydney/amici-di-kogarah-kogarah;java.lang.ArrayIndexOutOfBoundsException: -1 Could not parse address: Shop CR1, 13 Belgrave Street, Kogarah, Sydney Kogarah NSW


the-italian-bar-pizza-north-willoughby;https://www.zomato.com/sydney/the-italian-bar-pizza-north-willoughby;java.lang.ArrayIndexOutOfBoundsException: -1 Could not parse address: Shop 5, 183-191 High Street, North Willoughby, Sydney North Willoughby NSW


fratellis-wood-fired-pizza-cremorne;https://www.zomato.com/sydney/fratellis-wood-fired-pizza-cremorne;java.lang.ArrayIndexOutOfBoundsException: -1 Could not parse address: Shop 12, 332 Military Road, Cremorne, Sydney Cremorne NSW


shandar-tandoori-freshwater;https://www.zomato.com/sydney/shandar-tandoori-freshwater;java.lang.ArrayIndexOutOfBoundsException: -1 Could not parse address: Freshwater Village Plaza, 1-3 Moore Road, Freshwater, Sydney Freshwater


pizza-deli-waterloo;https://www.zomato.com/sydney/pizza-deli-waterloo;java.lang.ArrayIndexOutOfBoundsException: -1 Could not parse address: Shop 1, 356-358 George Street, Waterloo, Sydney Waterloo


sam-thai-neutral-bay;https://www.zomato.com/sydney/sam-thai-neutral-bay;java.lang.ArrayIndexOutOfBoundsException: -1 Could not parse address: Shop 21, 166-174 Military Road, Neutral Bay, Sydney Neutral Bay


kindness-cafe-darlinghurst;https://www.zomato.com/sydney/kindness-cafe-darlinghurst;java.lang.ArrayIndexOutOfBoundsException: -1 Could not parse address: Shop 6, 248 Palmer Street, Republic 2 Courtyard, Darlinghurst, Sydney Darlinghurst


mirch-masala-strathfield;https://www.zomato.com/sydney/mirch-masala-strathfield;java.lang.ArrayIndexOutOfBoundsException: -1 Could not parse address: Shop 3, 41 The Boulevarde, Strathfield, NSW Strathfield NSW


hyderabad-house-parramatta;https://www.zomato.com/sydney/hyderabad-house-parramatta;java.lang.ArrayIndexOutOfBoundsException: -1 Could not parse address: Shop 39, 17-19 Hassall Street, Parramatta, Sydney Parramatta NSW


curry-lovers-epping;https://www.zomato.com/sydney/curry-lovers-epping;java.lang.ArrayIndexOutOfBoundsException: -1 Could not parse address: Shop 40, 74-76 Rawson Street, Epping, Sydney Epping


pnut-street-noodles-zetland;https://www.zomato.com/sydney/pnut-street-noodles-zetland;java.lang.ArrayIndexOutOfBoundsException: -1 Could not parse address: East Village Shopping Centre, 2 Defries Avenue, Zetland, Sydney Zetland


thai-by-the-beach-brighton-le-sands;https://www.zomato.com/sydney/thai-by-the-beach-brighton-le-sands;java.lang.ArrayIndexOutOfBoundsException: -1 Could not parse address: Shop 3, 88 The Grand Parade, Brighton-Le-Sands, Sydney Brighton-Le-Sands


downtown-bar-grill-pendle-hill;https://www.zomato.com/sydney/downtown-bar-grill-pendle-hill;java.lang.ArrayIndexOutOfBoundsException: -1 Could not parse address: 502 Great Western Highway, Pendle Hill, Old Toongabbie, Sydney Pendle Hill NSW


coco-rice-thai-restaurant-ryde;https://www.zomato.com/sydney/coco-rice-thai-restaurant-ryde;java.lang.ArrayIndexOutOfBoundsException: -1 Could not parse address: Midway, 117 North Road, Ryde, Sydney Ryde NSW


ichiros-mascot;https://www.zomato.com/sydney/ichiros-mascot;java.lang.ArrayIndexOutOfBoundsException: -1 Could not parse address: Shop 14, Mascot Central Retail Precinct, 19-33 Kent Road, Mascot Mascot


spice-boys-caringbah;https://www.zomato.com/sydney/spice-boys-caringbah;java.lang.ArrayIndexOutOfBoundsException: -1 Could not parse address: Shop 4, 159 Denman Avenue, Caringbah, Sydney Caringbah


piccolo-me-cbd;https://www.zomato.com/sydney/piccolo-me-cbd;java.lang.ArrayIndexOutOfBoundsException: -1 Could not parse address: Shop 3, 1 Castlereagh Street, CBD, Sydney CBD NSW


jags-ristorante-bella-vista;https://www.zomato.com/sydney/jags-ristorante-bella-vista;java.lang.ArrayIndexOutOfBoundsException: -1 Could not parse address: Shop 7, 105 Bella Vista Drive, Bella Vista, Sydney Bella Vista NSW


modern-china-tea-shop-haymarket;https://www.zomato.com/sydney/modern-china-tea-shop-haymarket;java.lang.ArrayIndexOutOfBoundsException: -1 Could not parse address: 735 George Street, Chinatown, Haymarket, Sydney Haymarket


dumplings-beer-potts-point;https://www.zomato.com/sydney/dumplings-beer-potts-point;java.lang.ArrayIndexOutOfBoundsException: -1 Could not parse address: Shop 2, 9 Ward Avenue, Potts Point, Sydney Potts Point


pepper-seeds-balmain;https://www.zomato.com/sydney/pepper-seeds-balmain;java.lang.ArrayIndexOutOfBoundsException: -1 Could not parse address: Shop 10, 418 Darling Street, Balmain, Sydney Balmain NSW


bo-thai-crows-nest;https://www.zomato.com/sydney/bo-thai-crows-nest;java.lang.ArrayIndexOutOfBoundsException: -1 Could not parse address: 16 Willoughby Rd, Sydney, Crows Nest, Sydney Crows Nest


bukhara-authentic-indian-double-bay;https://www.zomato.com/sydney/bukhara-authentic-indian-double-bay;java.lang.ArrayIndexOutOfBoundsException: -1 Could not parse address: Level 1, 55 Bay Street, Double Bay, Sydney Double Bay


siam-corner-rouse-hill;https://www.zomato.com/sydney/siam-corner-rouse-hill;java.lang.ArrayIndexOutOfBoundsException: -1 Could not parse address: Shop 1-2, 4 Resolution Place, Rouse Hill, Sydney Rouse Hill NSW


the-fifth-district-of-pipe-mill-cbd;https://www.zomato.com/sydney/the-fifth-district-of-pipe-mill-cbd;java.lang.ArrayIndexOutOfBoundsException: -1 Could not parse address: 355 Sussex Street, Chinatown, CBD, Sydney CBD


castel-mola-leichhardt;https://www.zomato.com/sydney/castel-mola-leichhardt;java.lang.ArrayIndexOutOfBoundsException: -1 Could not parse address: 286 Norton St, Leichhardt, Leichhardt, Sydney Leichhardt NSW


little-italy-allawah;https://www.zomato.com/sydney/little-italy-allawah;java.lang.ArrayIndexOutOfBoundsException: -1 Could not parse address: 440-442 Railway Parade, Hurstville, Hurstville, Sydney


fish-co-forest-lodge;https://www.zomato.com/sydney/fish-co-forest-lodge;java.lang.ArrayIndexOutOfBoundsException: -1 Could not parse address: Tramsheds, 1 Dalgal Way, Forest Lodge, Sydney, Glebe, Sydney Forest Lodge NSW


la-rumbla-ristorante-casula;https://www.zomato.com/sydney/la-rumbla-ristorante-casula;java.lang.ArrayIndexOutOfBoundsException: -1 Could not parse address: Shop 7, 600 Hoxton Park Road, Hoxton Park, Sydney, NSW


zio-pino-pizzeria-mascot;https://www.zomato.com/sydney/zio-pino-pizzeria-mascot;java.lang.Exception: Could not parse one part address Could not parse address: 930 Botany Road


pizza-boccone-potts-point;https://www.zomato.com/sydney/pizza-boccone-potts-point;java.lang.ArrayIndexOutOfBoundsException: -1 Could not parse address: Shop 11, Llankelly Place, Potts Point, Sydney Potts Point NSW


blue-monkey-rose-bay;https://www.zomato.com/sydney/blue-monkey-rose-bay;java.lang.Exception: Response had errors Toaster request failed


thai-paragon-marrickville;https://www.zomato.com/sydney/thai-paragon-marrickville;java.lang.Exception: Could not parse one part address Could not parse address: 312 Victoria Road


little-piazza-bar-grill-zetland;https://www.zomato.com/sydney/little-piazza-bar-grill-zetland;java.lang.ArrayIndexOutOfBoundsException: -1 Could not parse address: 1, 30 Gadigal Avenue, Zetland, Sydney Zetland NSW


thai-curry-west-ryde;https://www.zomato.com/sydney/thai-curry-west-ryde;java.lang.ArrayIndexOutOfBoundsException: -1 Could not parse address: Shop 80a, 1-55 West Parade, West Ryde, Sydney West Ryde NSW


papaya-thai-cammeray;https://www.zomato.com/sydney/papaya-thai-cammeray;java.lang.ArrayIndexOutOfBoundsException: -1 Could not parse address: Shop 3, 506-508 Miller Street, Cammeray, Sydney Cammeray NSW


thai-waterfront-bella-vista;https://www.zomato.com/sydney/thai-waterfront-bella-vista;null Could not parse lat and lng from 


castle-taj-indian-tandoori-castle-hill;https://www.zomato.com/sydney/castle-taj-indian-tandoori-castle-hill;java.lang.ArrayIndexOutOfBoundsException: -1 Could not parse address: Shop 12, Garden Piazza, 3-9 Terminus Street, Castle Hill Castle Hill


taste-of-tuscany-carlingford;https://www.zomato.com/sydney/taste-of-tuscany-carlingford;java.lang.ArrayIndexOutOfBoundsException: -1 Could not parse address: 324 Pennant Hills Road, Carlingford, Epping, Sydney Carlingford NSW


paper-box-thai-noodle-bar-darlinghurst;https://www.zomato.com/sydney/paper-box-thai-noodle-bar-darlinghurst;java.lang.ArrayIndexOutOfBoundsException: -1 Could not parse address: Shop 3, 274 Victoria Street, Darlinghurst, Sydney Darlinghurst


maharajas-lakeside-1-baulkham-hills;https://www.zomato.com/sydney/maharajas-lakeside-1-baulkham-hills;java.lang.ArrayIndexOutOfBoundsException: -1 Could not parse address: Shop 3B, Norwest Marketown, 4 Century Circuit, Baulkham Hills, Sydney Baulkham Hills NSW


kebabiya-bella-vista;https://www.zomato.com/sydney/kebabiya-bella-vista;java.lang.Exception: Could not parse one part address Could not parse address: 115a Level 1 20 Lexington Drive NSW


spice-thai-cuisine-mascot;https://www.zomato.com/sydney/spice-thai-cuisine-mascot;java.lang.ArrayIndexOutOfBoundsException: -1 Could not parse address: 8 Bourke Street, Mascot, Mascot, Sydney Mascot


cbd-cakes-by-alexanders-patisserie-cbd;https://www.zomato.com/sydney/cbd-cakes-by-alexanders-patisserie-cbd;java.lang.ArrayIndexOutOfBoundsException: -1 Could not parse address: Shop 602, Food Court, Level 6, MLC Centre, 19 Martin Place, CBD, Sydney CBD NSW


mezza-via-italian-cuisine-ryde;https://www.zomato.com/sydney/mezza-via-italian-cuisine-ryde;java.lang.ArrayIndexOutOfBoundsException: -1 Could not parse address: Rear of Midway Arcade, Corner of North Road & Quarry Road, Denistone East, Eastwood, Sydney NSW


plateia-where-friends-meet-potts-point;https://www.zomato.com/sydney/plateia-where-friends-meet-potts-point;java.lang.ArrayIndexOutOfBoundsException: -1 Could not parse address: Shop 5, 2-14 Bayswater Road, Potts Point, Sydney Potts Point NSW


aalishaan-indian-cuisine-campbelltown;https://www.zomato.com/sydney/aalishaan-indian-cuisine-campbelltown;java.lang.ArrayIndexOutOfBoundsException: -1 Could not parse address: Shop 3, 100 Queen Street, Campbelltown, Sydney Campbelltown


little-greece-parramatta;https://www.zomato.com/sydney/little-greece-parramatta;java.lang.ArrayIndexOutOfBoundsException: -1 Could not parse address: Shop 9, 15 Phillip Street, Parramatta, Sydney Parramatta


adora-handmade-chocolates-cbd;https://www.zomato.com/sydney/adora-handmade-chocolates-cbd;java.lang.ArrayIndexOutOfBoundsException: -1 Could not parse address: Shop P9, 2A Bligh Street, Wentworth Connection, CBD, Sydney CBD NSW


the-clove-coogee;https://www.zomato.com/sydney/the-clove-coogee;java.lang.ArrayIndexOutOfBoundsException: -1 Could not parse address: 100-102 Beach St, Coogee, Coogee, Sydney Coogee


mamas-buoi-forest-lodge;https://www.zomato.com/sydney/mamas-buoi-forest-lodge;java.lang.ArrayIndexOutOfBoundsException: -1 Could not parse address: Tramsheds Harold Park, 1 Dalgal Way, Forest Lodge, Glebe, Sydney Forest Lodge NSW


pennylanebarcafe;https://www.zomato.com/sydney/pennylanebarcafe;null Could not parse lat and lng from 


beaches-pizza-bar-manly;https://www.zomato.com/sydney/beaches-pizza-bar-manly;java.lang.ArrayIndexOutOfBoundsException: -1 Could not parse address: Shop 22, Darley Road, Manly, Sydney Manly


north-sandwiches-1-cbd;https://www.zomato.com/sydney/north-sandwiches-1-cbd;java.lang.ArrayIndexOutOfBoundsException: -1 Could not parse address: Shop 1A, Region Food Arcade, 2 Bridge Street, CBD, Sydney CBD


mate-burger-food-truck;https://www.zomato.com/sydney/mate-burger-food-truck;null Could not parse lat and lng from 


svens-viking-pizza-coogee;https://www.zomato.com/sydney/svens-viking-pizza-coogee;java.lang.ArrayIndexOutOfBoundsException: -1 Could not parse address: 171 Carrington Road, Randwick, Coogee, Sydney Coogee


dose-espresso-north-willoughby;https://www.zomato.com/sydney/dose-espresso-north-willoughby;java.lang.ArrayIndexOutOfBoundsException: -1 Could not parse address: Shop 1b and 6, 183-191 High Street, North Willoughby, Sydney North Willoughby NSW


the-seed-thai-baulkham-hills;https://www.zomato.com/sydney/the-seed-thai-baulkham-hills;java.lang.ArrayIndexOutOfBoundsException: -1 Could not parse address: Shop 3, 8 Century Circuit, Baulkham Hills, Sydney Baulkham Hills


thai-essence-liverpool;https://www.zomato.com/sydney/thai-essence-liverpool;java.lang.ArrayIndexOutOfBoundsException: -1 Could not parse address: Shop 4-5, 300 Macquarie Street, Liverpool, Sydney Liverpool NSW


pizza-da-noi-glebe;https://www.zomato.com/sydney/pizza-da-noi-glebe;java.lang.ArrayIndexOutOfBoundsException: -1 Could not parse address: Shop 4, 198-206 St Johns Road, Glebe, Sydney Glebe


la-carretta-west-pennant-hills;https://www.zomato.com/sydney/la-carretta-west-pennant-hills;java.lang.ArrayIndexOutOfBoundsException: -1 Could not parse address: 7/35 Coonara Avenue, West Pennant Hills, Sydney, NSW West Pennant Hills


chedi-thai-1-mcmahons-point;https://www.zomato.com/sydney/chedi-thai-1-mcmahons-point;java.lang.ArrayIndexOutOfBoundsException: -1 Could not parse address: Shop G3, 182 Blues Point Road, McMahons Point, Sydney McMahons Point NSW


bamiyan-restaurant-dural;https://www.zomato.com/sydney/bamiyan-restaurant-dural;java.lang.ArrayIndexOutOfBoundsException: -1 Could not parse address: Shop 12, 829 Old Northern Road, Dural, Sydney Dural NSW


koh-chang-thai-restaurant-campsie;https://www.zomato.com/sydney/koh-chang-thai-restaurant-campsie;java.lang.ArrayIndexOutOfBoundsException: -1 Could not parse address: Clemton Park Village, 7/5 Mackinder Street, Campsie, Sydney Campsie NSW


noodle-hut-miranda;https://www.zomato.com/sydney/noodle-hut-miranda;java.lang.ArrayIndexOutOfBoundsException: -1 Could not parse address: Shop 4004, Level 4, Westfield Miranda, Miranda, Sydney Miranda NSW


the-cheer-factory-newport;https://www.zomato.com/sydney/the-cheer-factory-newport;java.lang.ArrayIndexOutOfBoundsException: -1 Could not parse address: Shop 8, Newport Village Arcade, 331-335 Barrenjoey Road, Newport , Sydney Newport NSW


ciao-ciao-pizza-crows-nest;https://www.zomato.com/sydney/ciao-ciao-pizza-crows-nest;java.lang.ArrayIndexOutOfBoundsException: -1 Could not parse address: Shop 8, 7-11 Clarke Street, Crows Nest, Sydney Crows Nest


sale-pepe-seaforth;https://www.zomato.com/sydney/sale-pepe-seaforth;java.lang.ArrayIndexOutOfBoundsException: -1 Could not parse address: Shop 7, 540 Sydney Road, Seaforth, Sydney Seaforth NSW


3-mangoes-thai-eatery-newtown;https://www.zomato.com/sydney/3-mangoes-thai-eatery-newtown;null Could not parse lat and lng from 


urban-cafe-sydney-olympic-park;https://www.zomato.com/sydney/urban-cafe-sydney-olympic-park;java.lang.ArrayIndexOutOfBoundsException: -1 Could not parse address: 2 Dawn Fraser Avenue, Sydney Olympic Park, Sydney Olympic Park, Sydney Sydney Olympic Park NSW


pear-thai-restaurant-thornleigh;https://www.zomato.com/sydney/pear-thai-restaurant-thornleigh;java.lang.ArrayIndexOutOfBoundsException: -1 Could not parse address: Shop A5, 4 Central Avenue, Thornleigh, Sydney Thornleigh


otto-pezzi-mortlake;https://www.zomato.com/sydney/otto-pezzi-mortlake;java.lang.ArrayIndexOutOfBoundsException: -1 Could not parse address: Shop 1, 46 Tennyson Road, Mortlake, Sydney Mortlake NSW


jawani-croydon-park;https://www.zomato.com/sydney/jawani-croydon-park;java.lang.ArrayIndexOutOfBoundsException: -1 Could not parse address: 147 Georges River Road, Croydon park, Sydney, Croydon, Sydney NSW


good-feeling-thai-dulwich-hill;https://www.zomato.com/sydney/good-feeling-thai-dulwich-hill;java.lang.ArrayIndexOutOfBoundsException: -1 Could not parse address: 1/362-372 New Canterbury Road, Sydney, Dulwich Hill, Sydney Dulwich Hill


tamarind-thai-wollstonecraft;https://www.zomato.com/sydney/tamarind-thai-wollstonecraft;java.lang.ArrayIndexOutOfBoundsException: -1 Could not parse address: Shop 2, 94A Bay Road, Waverton, Sydney NSW


avalon-chinese-restaurant-avalon;https://www.zomato.com/sydney/avalon-chinese-restaurant-avalon;java.lang.ArrayIndexOutOfBoundsException: -1 Could not parse address: 1st Floor, Barefoot Boulevard, Shop 6, 74 Old Barrenjoey Road, Avalon Beach, Sydney Avalon NSW


red-horn-gourmet-pizza-rockdale;https://www.zomato.com/sydney/red-horn-gourmet-pizza-rockdale;java.lang.ArrayIndexOutOfBoundsException: -1 Could not parse address: Shop 2, 645 Princes Highway, Rockdale, Sydney Rockdale NSW


red-mango-patisserie-north-sydney;https://www.zomato.com/sydney/red-mango-patisserie-north-sydney;java.lang.ArrayIndexOutOfBoundsException: -1 Could not parse address: Food Court, Metro Level, Greenwood Plaza, 36 Blue Street, North Sydney, Sydney North Sydney


pokéd-cbd;https://www.zomato.com/sydney/pokéd-cbd;java.lang.ArrayIndexOutOfBoundsException: -1 Could not parse address: Shop 419, Level 4 Australia Square 264 George Street, CBD, Sydney CBD NSW


kirribilli-seafoods-kirribilli;https://www.zomato.com/sydney/kirribilli-seafoods-kirribilli;java.lang.ArrayIndexOutOfBoundsException: -1 Could not parse address: Shop 2, 12 Fitzroy Street, Kirribilli, Sydney Kirribilli NSW


nalinis-wholesome-streetfood-bondi-junction;https://www.zomato.com/sydney/nalinis-wholesome-streetfood-bondi-junction;java.lang.ArrayIndexOutOfBoundsException: -1 Could not parse address: Shop 1, 1 Newland Street, Bondi Junction, Sydney Bondi Junction NSW


shriyas-flavours-of-india-st-leonards;https://www.zomato.com/sydney/shriyas-flavours-of-india-st-leonards;java.lang.ArrayIndexOutOfBoundsException: -1 Could not parse address: 1P2 Forum Plaza, 205 Pacific Highway, St Leonards, Sydney St Leonards


baysia-1-five-dock;https://www.zomato.com/sydney/baysia-1-five-dock;java.lang.ArrayIndexOutOfBoundsException: -1 Could not parse address: Canada Bay Club, 4 William Street, Five Dock, Sydney Five Dock NSW


rollz-cbd;https://www.zomato.com/sydney/rollz-cbd;java.lang.ArrayIndexOutOfBoundsException: -1 Could not parse address: MetCentre, 60 Margaret Street, CBD, Sydney CBD


mie-thai-gymea;https://www.zomato.com/sydney/mie-thai-gymea;java.lang.Exception: Could not parse one part address Could not parse address: 36 Gymea Bay Road Gymea


ajmers-indian-restaurant-balgowlah;https://www.zomato.com/sydney/ajmers-indian-restaurant-balgowlah;java.lang.ArrayIndexOutOfBoundsException: -1 Could not parse address: Shop 1, 373 Sydney Road, Balgowlah, Sydney Balgowlah


we-thai-cuisine-putney;https://www.zomato.com/sydney/we-thai-cuisine-putney;java.lang.ArrayIndexOutOfBoundsException: -1 Could not parse address: Shop 5, 90 Charles Street, Putney, Ryde, Sydney Putney NSW


mama-j-cbd;https://www.zomato.com/sydney/mama-j-cbd;java.lang.ArrayIndexOutOfBoundsException: -1 Could not parse address: Shop T15, MetCentre, 273 George Street, CBD CBD


big-als-miranda;https://www.zomato.com/sydney/big-als-miranda;java.lang.ArrayIndexOutOfBoundsException: -1 Could not parse address: Shop 4, 599 Kingsway, Miranda, Sydney Miranda


tap-cbd;https://www.zomato.com/sydney/tap-cbd;java.lang.ArrayIndexOutOfBoundsException: -1 Could not parse address: Colonial Centre, 52 Martin Place, CBD, Sydney CBD NSW


blue-pearl-bayview-thai-restaurant-bayview;https://www.zomato.com/sydney/blue-pearl-bayview-thai-restaurant-bayview;java.lang.ArrayIndexOutOfBoundsException: -1 Could not parse address: 17/1714 Pittwater Road, Bayview, Mona Vale, Sydney Bayview NSW


happy-chef-sussex-centre-haymarket;https://www.zomato.com/sydney/happy-chef-sussex-centre-haymarket;java.lang.ArrayIndexOutOfBoundsException: -1 Could not parse address: Shop F3, Level 1, Sussex Centre, 401 Sussex Street, Chinatown, Haymarket, Sydney Haymarket NSW


kyo-to-spice-alley-chippendale;https://www.zomato.com/sydney/kyo-to-spice-alley-chippendale;java.lang.ArrayIndexOutOfBoundsException: -1 Could not parse address: Spice Alley, 18-20 Kensington Street, Chippendale, Sydney Chippendale


pizza-luna-artarmon;https://www.zomato.com/sydney/pizza-luna-artarmon;java.lang.ArrayIndexOutOfBoundsException: -1 Could not parse address: Shop 4, 44 Hampden Road, Artarmon, Sydney Artarmon NSW


baiboon-thai-restaurant-wentworth-point;https://www.zomato.com/sydney/baiboon-thai-restaurant-wentworth-point;java.lang.ArrayIndexOutOfBoundsException: -1 Could not parse address: Shop 3B, The Piazza, Sydney Olympic Park, Sydney NSW


baulkham-palace-baulkham-hills;https://www.zomato.com/sydney/baulkham-palace-baulkham-hills;java.lang.ArrayIndexOutOfBoundsException: -1 Could not parse address: Stockland Shopping Centre, 375-383 Windsor Road, Baulkham Hills, Sydney Baulkham Hills


sydney-markets-plaza-cafe-homebush-west;https://www.zomato.com/sydney/sydney-markets-plaza-cafe-homebush-west;java.lang.ArrayIndexOutOfBoundsException: -1 Could not parse address: Sydney Markets Plaza, 250-318 Parramatta Road, Flemington, Homebush West, Sydney Homebush West NSW


antonios-pizzeria-caringbah;https://www.zomato.com/sydney/antonios-pizzeria-caringbah;java.lang.ArrayIndexOutOfBoundsException: -1 Could not parse address: Shop 11, 360 Kingsway, Caringbah, Sydney Caringbah


kings-corner-five-dock;https://www.zomato.com/sydney/kings-corner-five-dock;java.lang.ArrayIndexOutOfBoundsException: -1 Could not parse address: Shop 1, 81-85 Great North Road, Five Dock, Sydney Five Dock NSW


la-vera-pizzeria-st-johns-park;https://www.zomato.com/sydney/la-vera-pizzeria-st-johns-park;java.lang.ArrayIndexOutOfBoundsException: -1 Could not parse address: Shop 2, 57 Canberra Street, St Johns Park, Canley Heights, Sydney St Johns Park


tehp-aum-nuay-wetherill-park;https://www.zomato.com/sydney/tehp-aum-nuay-wetherill-park;java.lang.ArrayIndexOutOfBoundsException: -1 Could not parse address: Shop 12A Market Town, 1024 The Horsley Drive, Wetherill Park, Sydney Wetherill Park NSW


the-pizza-maker-petersham;https://www.zomato.com/sydney/the-pizza-maker-petersham;java.lang.ArrayIndexOutOfBoundsException: -1 Could not parse address: 121-123 New Canterbury Road, Petersham, Petersham, Sydney Petersham


carlingford-gourmet-pizza-carlingford;https://www.zomato.com/sydney/carlingford-gourmet-pizza-carlingford;java.lang.ArrayIndexOutOfBoundsException: -1 Could not parse address: 285 Pennant Hills Road, Carlingford, Sydney, Epping, Sydney Carlingford NSW


in-and-out-thai-noodle-bar-rockdale;https://www.zomato.com/sydney/in-and-out-thai-noodle-bar-rockdale;java.lang.ArrayIndexOutOfBoundsException: -1 Could not parse address: Shop 5, 10 King Street, Rockdale, Sydney Rockdale NSW


lakeside-harmony-baulkham-hills;https://www.zomato.com/sydney/lakeside-harmony-baulkham-hills;java.lang.ArrayIndexOutOfBoundsException: -1 Could not parse address: Undercover Carpark, Norwest Marketown, Shop 35, 4 Century Circuit, Baulkham Hills, Sydney Baulkham Hills NSW


oscars-kebabs-doonside;https://www.zomato.com/sydney/oscars-kebabs-doonside;java.lang.ArrayIndexOutOfBoundsException: -1 Could not parse address: 3 Hill End Road, Doonside, Blacktown, Sydney Doonside


peatzza-at-joes-rydalmere;https://www.zomato.com/sydney/peatzza-at-joes-rydalmere;java.lang.ArrayIndexOutOfBoundsException: -1 Could not parse address: 20 Station Street, Dundas, Dundas, Sydney NSW


golden-coronet-strathfield;https://www.zomato.com/sydney/golden-coronet-strathfield;java.lang.ArrayIndexOutOfBoundsException: -1 Could not parse address: 268 Homebush Road, Sydney, Strathfield, Sydney Strathfield


sedici-italian-castle-hill;https://www.zomato.com/sydney/sedici-italian-castle-hill;java.lang.ArrayIndexOutOfBoundsException: -1 Could not parse address: Shop 11, Oakland Shopping Village, 83 David Road, Castle Hill, Sydney Castle Hill


gu-thai-cuisine-chipping-norton;https://www.zomato.com/sydney/gu-thai-cuisine-chipping-norton;java.lang.ArrayIndexOutOfBoundsException: -1 Could not parse address: 94 Childs Road, Chipping Norton, Moorebank, Sydney Chipping Norton NSW


thainabox-neutral-bay;https://www.zomato.com/sydney/thainabox-neutral-bay;java.lang.ArrayIndexOutOfBoundsException: -1 Could not parse address: Shop 7, 207 Ben Boyd Road, Neutral Bay, Sydney Neutral Bay


fortuna-gardens-winston-hills;https://www.zomato.com/sydney/fortuna-gardens-winston-hills;java.lang.ArrayIndexOutOfBoundsException: -1 Could not parse address: Shop 1,Winston Hills Mall, 180 Caroline Chisholm Drive, Winston Hills, Sydney Winston Hills NSW


my-tandoori-indian-restaurant-green-valley;https://www.zomato.com/sydney/my-tandoori-indian-restaurant-green-valley;java.lang.ArrayIndexOutOfBoundsException: -1 Could not parse address: Shop 6, 170 Green Valley Rd, Green Valley, Sydney Green Valley NSW


kebab-club-edensor-park;https://www.zomato.com/sydney/kebab-club-edensor-park;java.lang.ArrayIndexOutOfBoundsException: -1 Could not parse address: Shop 4, 751 Smithfield Road, Edensor Park, Smithfield, Sydney Edensor Park NSW


ototo-bondi-junction;https://www.zomato.com/sydney/ototo-bondi-junction;java.lang.ArrayIndexOutOfBoundsException: -1 Could not parse address: Shop 2, 71-77 Oxford Street, Bondi Junction, Sydney Bondi Junction NSW


thai-nine-mosman;https://www.zomato.com/sydney/thai-nine-mosman;java.lang.ArrayIndexOutOfBoundsException: -1 Could not parse address: Shop 8, Myahgah Mews, 3 Myahgah Road, Mosman, Sydney Mosman


the-sausage-factory-dulwich-hill;https://www.zomato.com/sydney/the-sausage-factory-dulwich-hill;java.lang.ArrayIndexOutOfBoundsException: -1 Could not parse address: 380 New Canterbury Road, Dulwich Hill, Sydney, NSW, Sydney Dulwich Hill


dumpling-inn-balgowlah;https://www.zomato.com/sydney/dumpling-inn-balgowlah;java.lang.ArrayIndexOutOfBoundsException: -1 Could not parse address: Shop 8, Balgowlah Plaza, 318 Sydney Road, Balgowlah, Sydney Balgowlah NSW


curry-by-the-curve-avalon;https://www.zomato.com/sydney/curry-by-the-curve-avalon;java.lang.ArrayIndexOutOfBoundsException: -1 Could not parse address: Shop 5, 25 Hudson Parade, Avalon, Sydney Avalon NSW


stir-crazy-thai-by-tim-neutral-bay;https://www.zomato.com/sydney/stir-crazy-thai-by-tim-neutral-bay;java.lang.ArrayIndexOutOfBoundsException: -1 Could not parse address: Big Bear Shopping Centre, 116 Military Road, Neutral Bay, Sydney Neutral Bay


avari-indian-restaurant-baulkham-hills;https://www.zomato.com/sydney/avari-indian-restaurant-baulkham-hills;java.lang.ArrayIndexOutOfBoundsException: -1 Could not parse address: Shop 4, The Gateway Plaza, 2-4 Old Northern Road, Baulkham Hills, Sydney Baulkham Hills


rice-lake-thai-restaurant-narrabeen;https://www.zomato.com/sydney/rice-lake-thai-restaurant-narrabeen;java.lang.ArrayIndexOutOfBoundsException: -1 Could not parse address: Shop 2, 1425 Pittwater Road, Narrabeen, Sydney Narrabeen


vulcano-pizzeria-restaurant-dundas-valley;https://www.zomato.com/sydney/vulcano-pizzeria-restaurant-dundas-valley;java.lang.ArrayIndexOutOfBoundsException: -1 Could not parse address: 40 Yates Avenue, Dundas Valley, Rydalmere, Sydney Dundas Valley NSW


pista-house-lakemba;https://www.zomato.com/sydney/pista-house-lakemba;java.lang.ArrayIndexOutOfBoundsException: -1 Could not parse address: Shop 3, 61-67 Haldon Street, Lakemba, Sydney Lakemba NSW


take-away-chinese-south-hurstville;https://www.zomato.com/sydney/take-away-chinese-south-hurstville;java.lang.ArrayIndexOutOfBoundsException: -1 Could not parse address: 54 Connells Point Road, Hurstville, Hurstville, Sydney


concerto-restaurant-wentworth-point;https://www.zomato.com/sydney/concerto-restaurant-wentworth-point;java.lang.ArrayIndexOutOfBoundsException: -1 Could not parse address: Shop 4, The Piazza, Sydney Olympic Park, Sydney NSW


phatboy-thai-gladesville;https://www.zomato.com/sydney/phatboy-thai-gladesville;java.lang.ArrayIndexOutOfBoundsException: -1 Could not parse address: 249 Victoria Rd, Gladesville NSW 2111, Gladesville, Sydney Gladesville


bella-beaumont-pizzeria-beaumont-hills;https://www.zomato.com/sydney/bella-beaumont-pizzeria-beaumont-hills;java.lang.ArrayIndexOutOfBoundsException: -1 Could not parse address: Shop 5, 70 The Parkway, Beaumont Hills, Sydney, Kellyville, Sydney Beaumont Hills NSW


rosin-court-sutherland;https://www.zomato.com/sydney/rosin-court-sutherland;java.lang.ArrayIndexOutOfBoundsException: -1 Could not parse address: 561 President Avenue, Corner Of Eton Street, Sutherland, Sydney Sutherland


lao-der-parramatta;https://www.zomato.com/sydney/lao-der-parramatta;java.lang.ArrayIndexOutOfBoundsException: -1 Could not parse address: 277B Church St, Sydney, Parramatta, Sydney Parramatta


sambandha-auburn;https://www.zomato.com/sydney/sambandha-auburn;java.lang.ArrayIndexOutOfBoundsException: -1 Could not parse address: Shop 17, Level G2, Auburn Central, Corner Of Harrow Road and Queen Street, Auburn, Sydney Auburn NSW


sugarbean-cafe-cbd;https://www.zomato.com/sydney/sugarbean-cafe-cbd;java.lang.ArrayIndexOutOfBoundsException: -1 Could not parse address: Shop 3, 50 Hunter Street, CBD, Sydney CBD NSW


shahrood-restaurant-ryde;https://www.zomato.com/sydney/shahrood-restaurant-ryde;java.lang.ArrayIndexOutOfBoundsException: -1 Could not parse address: Shop 2, 120 Blaxland Road, Ryde, Sydney Ryde NSW


wandee-thai-surry-hills;https://www.zomato.com/sydney/wandee-thai-surry-hills;java.lang.ArrayIndexOutOfBoundsException: -1 Could not parse address: Shop 1, 60-62 Foveaux Street, Surry Hills, Sydney Surry Hills


malaysian-curry-house-cbd;https://www.zomato.com/sydney/malaysian-curry-house-cbd;java.lang.ArrayIndexOutOfBoundsException: -1 Could not parse address: Shop 4A, The Chambers Arcade, 370 Pitt Street, CBD, Sydney CBD


nahm-thai-bankstown-aerodrome;https://www.zomato.com/sydney/nahm-thai-bankstown-aerodrome;java.lang.ArrayIndexOutOfBoundsException: -1 Could not parse address: 2/56-60 Rabaul Road, Georges Hall, Sydney, Bankstown, Sydney


urban-paddock-darling-park-cbd;https://www.zomato.com/sydney/urban-paddock-darling-park-cbd;java.lang.ArrayIndexOutOfBoundsException: -1 Could not parse address: Darling Park, Tower 2, 201 Sussex Street, CBD, Sydney CBD NSW


mandesa-florist-cafe-kingswood;https://www.zomato.com/sydney/mandesa-florist-cafe-kingswood;java.lang.ArrayIndexOutOfBoundsException: -1 Could not parse address: 48 Derby Street, Kingswood, Penrith, Sydney Kingswood


namaste-curry-house-penshurst-penshurst;https://www.zomato.com/sydney/namaste-curry-house-penshurst-penshurst;java.lang.Exception: Could not parse one part address Could not parse address: 7 Penshurst Street Penshurst


cantuccis-pizzeria-restaurant-westleigh;https://www.zomato.com/sydney/cantuccis-pizzeria-restaurant-westleigh;java.lang.ArrayIndexOutOfBoundsException: -1 Could not parse address: Shop 9, Westleigh Shopping Centre, Westleigh, Sydney Westleigh


golden-island-chinese-take-away-meadowbank;https://www.zomato.com/sydney/golden-island-chinese-take-away-meadowbank;java.lang.ArrayIndexOutOfBoundsException: -1 Could not parse address: Shop 2, 27 Bank Street, Meadowbank, Sydney Meadowbank NSW


sawasdee-thai-kitchen-wahroonga;https://www.zomato.com/sydney/sawasdee-thai-kitchen-wahroonga;java.lang.ArrayIndexOutOfBoundsException: -1 Could not parse address: Shop 6, 178 Fox Valley Road, Wahroonga, Sydney Wahroonga NSW


pizza-on-lomond-winston-hills;https://www.zomato.com/sydney/pizza-on-lomond-winston-hills;java.lang.ArrayIndexOutOfBoundsException: -1 Could not parse address: Shop 1, 7 Lomond Crescent, Winston Hills, Sydney Winston Hills NSW


guzman-y-gomez-rhodes;https://www.zomato.com/sydney/guzman-y-gomez-rhodes;java.lang.ArrayIndexOutOfBoundsException: -1 Could not parse address: Rhodes Waterside Shopping Centre, 1 Rider Blvd, Rhodes, NSW Rhodes


red-galangal-rouse-hill;https://www.zomato.com/sydney/red-galangal-rouse-hill;java.lang.ArrayIndexOutOfBoundsException: -1 Could not parse address: Shop 8, 40 Panmure Street, Rouse Hill, Sydney Rouse Hill NSW


the-allambie-pizza-shop-allambie-heights;https://www.zomato.com/sydney/the-allambie-pizza-shop-allambie-heights;java.lang.ArrayIndexOutOfBoundsException: -1 Could not parse address: 141 Allambie Road, Allambie Heights, Sydney, Brookvale, Sydney Allambie Heights NSW


bellezza-pizza-menai;https://www.zomato.com/sydney/bellezza-pizza-menai;java.lang.ArrayIndexOutOfBoundsException: -1 Could not parse address: Shop 2B, 239- 243 Alison Cresent, Menai, Sydney Menai


angelos-traditional-pizza-and-ribs-padstow;https://www.zomato.com/sydney/angelos-traditional-pizza-and-ribs-padstow;java.lang.ArrayIndexOutOfBoundsException: -1 Could not parse address: Unit 2, 22 Howard Road, Padstow, Sydney Padstow NSW


avanti-pizzeria-restaurant-cromer;https://www.zomato.com/sydney/avanti-pizzeria-restaurant-cromer;java.lang.ArrayIndexOutOfBoundsException: -1 Could not parse address: Shop 33, Truman Avenue, Cromer Heights, Sydney Cromer NSW


ka-wah-chinese-restaurant-moorebank;https://www.zomato.com/sydney/ka-wah-chinese-restaurant-moorebank;java.lang.ArrayIndexOutOfBoundsException: -1 Could not parse address: Shop 27, Moorebank Shopping Village, 42 Stockton Avenue, Moorebank, Sydney Moorebank NSW


asako-mortlake;https://www.zomato.com/sydney/asako-mortlake;java.lang.ArrayIndexOutOfBoundsException: -1 Could not parse address: Shop 4, 100 Tennyson Road, Mortlake, Sydney Mortlake NSW


pizzamaster-lindfield;https://www.zomato.com/sydney/pizzamaster-lindfield;java.lang.ArrayIndexOutOfBoundsException: -1 Could not parse address: 8 Moore Avenue, West Lindfield, Lindfield, Sydney Lindfield NSW


planet-pizza-glebe;https://www.zomato.com/sydney/planet-pizza-glebe;java.lang.ArrayIndexOutOfBoundsException: -1 Could not parse address: Shop 17, 2-12 Glebe Point Road, Glebe, Sydney Glebe


da-bruno-j-p-s-pizzeria-putney;https://www.zomato.com/sydney/da-bruno-j-p-s-pizzeria-putney;java.lang.ArrayIndexOutOfBoundsException: -1 Could not parse address: 213 Morrison Road, Putney, Ryde, Sydney Putney NSW


greek-feast-bondi-bondi-junction;https://www.zomato.com/sydney/greek-feast-bondi-bondi-junction;java.lang.ArrayIndexOutOfBoundsException: -1 Could not parse address: 191 Old South Head Road Bondi Junction, Bondi Junction, Sydney, Sydney Bondi Junction NSW


blue-danube-restaurant-and-cafe-bonnyrigg;https://www.zomato.com/sydney/blue-danube-restaurant-and-cafe-bonnyrigg;java.lang.ArrayIndexOutOfBoundsException: -1 Could not parse address: 320 Devonshire Road, Kemps Creek, Sydney, Sydney, Bonnyrigg, Sydney Bonnyrigg


santorini-pizza-ribs-restaurant-carlton;https://www.zomato.com/sydney/santorini-pizza-ribs-restaurant-carlton;java.lang.ArrayIndexOutOfBoundsException: -1 Could not parse address: Shop 1, 305 Princes Highway, Carlton, Sydney Carlton


mays-pizzeria-turramurra;https://www.zomato.com/sydney/mays-pizzeria-turramurra;java.lang.ArrayIndexOutOfBoundsException: -1 Could not parse address: Shop 4, 1307 Pacific Highway, Turramurra, Sydney Turramurra


mrs-cs-cupcakes-penrith;https://www.zomato.com/sydney/mrs-cs-cupcakes-penrith;java.lang.ArrayIndexOutOfBoundsException: -1 Could not parse address: Shop 3, 2-6 Castlereagh, Penrith, Sydney Penrith


oatley-village-pie-shop-oatley;https://www.zomato.com/sydney/oatley-village-pie-shop-oatley;java.lang.Exception: Could not parse one part address Could not parse address: 34 Oatley Avenue Oatley


bonolota-rockdale;https://www.zomato.com/sydney/bonolota-rockdale;java.lang.ArrayIndexOutOfBoundsException: -1 Could not parse address: Shop 2&2A, 23-25 Frederick Street, Rockdale, Sydney Rockdale


deli-ziosa-cbd;https://www.zomato.com/sydney/deli-ziosa-cbd;java.lang.ArrayIndexOutOfBoundsException: -1 Could not parse address: Food Court, Level 6, MLC Centre, 19 Martin Place, CBD, Sydney CBD NSW


costis-fish-chips-cbd;https://www.zomato.com/sydney/costis-fish-chips-cbd;java.lang.ArrayIndexOutOfBoundsException: -1 Could not parse address: Ground Floor, Suncorp Centre, 259 George Street, CBD CBD


colliers-sandwich-company-woolloomooloo;https://www.zomato.com/sydney/colliers-sandwich-company-woolloomooloo;java.lang.ArrayIndexOutOfBoundsException: -1 Could not parse address: Shop 2, 87-91 Cathedral Street, Woolloomooloo, Sydney Woolloomooloo NSW


bbaek-ka-ne-korean-food-cbd;https://www.zomato.com/sydney/bbaek-ka-ne-korean-food-cbd;java.lang.ArrayIndexOutOfBoundsException: -1 Could not parse address: Shop 2, 545 Kent Street, CBD, Sydney CBD


trebbiano-cafe-north-ryde;https://www.zomato.com/sydney/trebbiano-cafe-north-ryde;java.lang.ArrayIndexOutOfBoundsException: -1 Could not parse address: Shop 1, 3 Julius Avenue, North Ryde, Sydney North Ryde


lucky-dragon-cronulla;https://www.zomato.com/sydney/lucky-dragon-cronulla;java.lang.ArrayIndexOutOfBoundsException: -1 Could not parse address: Shop 1, 138 Cronulla Street, Cronulla, Sydney Cronulla


etna-trattoria-pizza-west-ryde;https://www.zomato.com/sydney/etna-trattoria-pizza-west-ryde;java.lang.ArrayIndexOutOfBoundsException: -1 Could not parse address: Shop 10, West Parade, West Ryde, Sydney West Ryde


two-sugars-blaxland;https://www.zomato.com/sydney/two-sugars-blaxland;java.lang.ArrayIndexOutOfBoundsException: -1 Could not parse address: Shop 2, 15a Great Western Highway, Blaxland, Sydney Blaxland


kokos-pizzeria-freshwater;https://www.zomato.com/sydney/kokos-pizzeria-freshwater;java.lang.ArrayIndexOutOfBoundsException: -1 Could not parse address: Freshwater Village Plaza, Corner of Albert & Moore Road, Freshwater, Sydney Freshwater


cocos-pizza-cafe-hillsdale;https://www.zomato.com/sydney/cocos-pizza-cafe-hillsdale;java.lang.ArrayIndexOutOfBoundsException: -1 Could not parse address: Shop 2, South Point Shopping Centre, 264 Bunnerong Road, Matraville, Sydney NSW


pizza-2-go-macquarie-fields;https://www.zomato.com/sydney/pizza-2-go-macquarie-fields;java.lang.ArrayIndexOutOfBoundsException: -1 Could not parse address: Shop 1, 88 - 92 Saywell Road, Macquarie Fields, Sydney Macquarie Fields NSW


rio-grande-caringbah-caringbah;https://www.zomato.com/sydney/rio-grande-caringbah-caringbah;java.lang.ArrayIndexOutOfBoundsException: -1 Could not parse address: Shop 6, 27 Mansfield Avenue, Caringbah, Sydney Caringbah


pizza-plus-1-telopea;https://www.zomato.com/sydney/pizza-plus-1-telopea;java.lang.ArrayIndexOutOfBoundsException: -1 Could not parse address: 53 Adderton Road, Telopea, Oatlands, Sydney Telopea NSW


thai-vintage-restaurant-sylvania;https://www.zomato.com/sydney/thai-vintage-restaurant-sylvania;java.lang.ArrayIndexOutOfBoundsException: -1 Could not parse address: Shop 4, 282-288 Princes Highway, Sylvania, Sydney Sylvania


crystal-lake-eastlakes;https://www.zomato.com/sydney/crystal-lake-eastlakes;java.lang.ArrayIndexOutOfBoundsException: -1 Could not parse address: Shop 23, Eastlakes Shopping Centre, Evans Avenue, Eastlakes, Sydney Eastlakes


8-slices-pizzaria-abbotsbury;https://www.zomato.com/sydney/8-slices-pizzaria-abbotsbury;java.lang.ArrayIndexOutOfBoundsException: -1 Could not parse address: Shop 4, 60-68 Stockdale Crescent, Abbotsbury, Sydney Abbotsbury NSW


PeriyarIndianRestaurant;https://www.zomato.com/sydney/PeriyarIndianRestaurant;null Could not parse lat and lng from 


mr-tang-camden;https://www.zomato.com/sydney/mr-tang-camden;java.lang.ArrayIndexOutOfBoundsException: -1 Could not parse address: Shop 4, Hill Street, Camden, Sydney Camden


il-gusto-cronulla;https://www.zomato.com/sydney/il-gusto-cronulla;java.lang.ArrayIndexOutOfBoundsException: -1 Could not parse address: Shop 9, 20 Gerrale Street, Cronulla, Sydney Cronulla


sundeck-brasserie-kingsford;https://www.zomato.com/sydney/sundeck-brasserie-kingsford;java.lang.ArrayIndexOutOfBoundsException: -1 Could not parse address: 1st Floor, The Juniors, 558A Anzac Parade, Kingsford, Sydney Kingsford NSW


indian-taste-liverpool;https://www.zomato.com/sydney/indian-taste-liverpool;java.lang.ArrayIndexOutOfBoundsException: -1 Could not parse address: Shop 3, 32-38 Memorial Avenue, Liverpool, Sydney Liverpool


tasne-curry-house-randwick;https://www.zomato.com/sydney/tasne-curry-house-randwick;java.lang.Exception: Could not parse one part address Could not parse address: 145 Avoca Street


symbol-north-sydney;https://www.zomato.com/sydney/symbol-north-sydney;java.lang.ArrayIndexOutOfBoundsException: -1 Could not parse address: Ground Floor, 65 Berry Street, North Sydney, Sydney North Sydney


west-sydney-pizza-and-pasta-minchinbury;https://www.zomato.com/sydney/west-sydney-pizza-and-pasta-minchinbury;java.lang.ArrayIndexOutOfBoundsException: -1 Could not parse address: Shop 8, 38 Minchin Drive, Minchinbury, Sydney Minchinbury NSW


samiras-lebanese-kitchen-parramatta;https://www.zomato.com/sydney/samiras-lebanese-kitchen-parramatta;java.lang.ArrayIndexOutOfBoundsException: -1 Could not parse address: 1/52, George Street, NSW 2150, Parramatta, Sydney Parramatta


noot-thai-mona-vale;https://www.zomato.com/sydney/noot-thai-mona-vale;java.lang.ArrayIndexOutOfBoundsException: -1 Could not parse address: Shop 5, 20 Bungan Street, Mona Vale, Sydney Mona Vale NSW


north-burger-cbd;https://www.zomato.com/sydney/north-burger-cbd;java.lang.ArrayIndexOutOfBoundsException: -1 Could not parse address: Shop 4, Region Food Arcade, 2 Bridge Street, CBD, Sydney CBD


the-thai-frenchs-forest;https://www.zomato.com/sydney/the-thai-frenchs-forest;java.lang.ArrayIndexOutOfBoundsException: -1 Could not parse address: Shop 1, 20 Frenchs Forest Road, Frenchs Forest, Sydney Frenchs Forest NSW


harmony-inn-pendle-hill;https://www.zomato.com/sydney/harmony-inn-pendle-hill;java.lang.ArrayIndexOutOfBoundsException: -1 Could not parse address: 13 Joyce St, Pendle Hill, Old Toongabbie, Sydney Pendle Hill NSW


panda-koala-chinese-restaurant-lalor-park;https://www.zomato.com/sydney/panda-koala-chinese-restaurant-lalor-park;java.lang.ArrayIndexOutOfBoundsException: -1 Could not parse address: Shop 3, 94 Northcott Road, Lalor Park, Blacktown, Sydney Lalor Park


golden-west-chinese-winston-hills;https://www.zomato.com/sydney/golden-west-chinese-winston-hills;java.lang.ArrayIndexOutOfBoundsException: -1 Could not parse address: Shop 4-5, 9-13 Rebecca Parade, Winston Hills, Sydney, Old Toongabbie, Sydney Winston Hills NSW


bangkok-on-botany-alexandria;https://www.zomato.com/sydney/bangkok-on-botany-alexandria;java.lang.ArrayIndexOutOfBoundsException: -1 Could not parse address: Shop 2, 654 Botany Road, Alexandria, Sydney Alexandria


s-thada-thai-cuisine-zetland;https://www.zomato.com/sydney/s-thada-thai-cuisine-zetland;java.lang.ArrayIndexOutOfBoundsException: -1 Could not parse address: Shop 2, 30 Gadigal Avenue, Zetland, Sydney Zetland


little-india-tandoori-restaurant-macquarie-fields;https://www.zomato.com/sydney/little-india-tandoori-restaurant-macquarie-fields;java.lang.ArrayIndexOutOfBoundsException: -1 Could not parse address: Shop 8, 38 Oxford Road, Ingleburn, Sydney


bluechair-cafe-north-sydney;https://www.zomato.com/sydney/bluechair-cafe-north-sydney;java.lang.ArrayIndexOutOfBoundsException: -1 Could not parse address: Level 3, 140 Arthur Street, North Sydney, Sydney North Sydney


knightsbridge-pizzeria-castle-hill;https://www.zomato.com/sydney/knightsbridge-pizzeria-castle-hill;java.lang.ArrayIndexOutOfBoundsException: -1 Could not parse address: 2B, Knightsbridge Shopping Centre, 159 Ridgecrop Drive, Castle Hill, Sydney Castle Hill


the-italian-pizza-bar-lidcombe;https://www.zomato.com/sydney/the-italian-pizza-bar-lidcombe;java.lang.ArrayIndexOutOfBoundsException: -1 Could not parse address: The Royal Oak Hotel, 46 Railway Street, Lidcombe, Sydney Lidcombe


exotic-indian-curries-summer-hill;https://www.zomato.com/sydney/exotic-indian-curries-summer-hill;java.lang.ArrayIndexOutOfBoundsException: -1 Could not parse address: 97 Smith Street, Summer Hill, Sydney, Sydney, Sydney Summer Hill


montys-pizza-kings-langley;https://www.zomato.com/sydney/montys-pizza-kings-langley;java.lang.ArrayIndexOutOfBoundsException: -1 Could not parse address: Kings Langley Shopping Center, Kings Langley, Blacktown, Sydney Kings Langley NSW


golden-bowl-bella-vista;https://www.zomato.com/sydney/golden-bowl-bella-vista;java.lang.ArrayIndexOutOfBoundsException: -1 Could not parse address: Circa Retail Shopping Centre, Shop 13,1 Circa Boulevarde, Bella Vista, Sydney Bella Vista NSW


mp-thai-rose-1-sutherland;https://www.zomato.com/sydney/mp-thai-rose-1-sutherland;java.lang.ArrayIndexOutOfBoundsException: -1 Could not parse address: Shop 1, 10-14 Boyle Street, Sutherland, Sydney Sutherland


to-thai-for-zetland;https://www.zomato.com/sydney/to-thai-for-zetland;java.lang.ArrayIndexOutOfBoundsException: -1 Could not parse address: Shop 2, 565 Botany Road, Zetland, Sydney Zetland NSW


mount-colah-pizzeria-mount-colah;https://www.zomato.com/sydney/mount-colah-pizzeria-mount-colah;java.lang.ArrayIndexOutOfBoundsException: -1 Could not parse address: Shop 5, 599 Pacific Highway, Hornsby, Sydney NSW


seaside-thai-gourmet-manly;https://www.zomato.com/sydney/seaside-thai-gourmet-manly;java.lang.ArrayIndexOutOfBoundsException: -1 Could not parse address: Level 1, 33 South Steyne, Manly, Sydney Manly


organica-pizzeria-west-pymble;https://www.zomato.com/sydney/organica-pizzeria-west-pymble;java.lang.ArrayIndexOutOfBoundsException: -1 Could not parse address: Shop 18, Phillip Mall Shopping Village, Kendall Street, West Pymble, Sydney West Pymble NSW


oatley-pizza-village-oatley;https://www.zomato.com/sydney/oatley-pizza-village-oatley;java.lang.Exception: Could not parse one part address Could not parse address: 4/87 Mulga Road


mnl-chinese-take-away-blacktown;https://www.zomato.com/sydney/mnl-chinese-take-away-blacktown;java.lang.ArrayIndexOutOfBoundsException: -1 Could not parse address: Shop 6, 69 Holbeche Road, Arndell Park, Blacktown, Sydney Blacktown NSW


pronto-pizza-camden;https://www.zomato.com/sydney/pronto-pizza-camden;java.lang.ArrayIndexOutOfBoundsException: -1 Could not parse address: Shop 7, 1-15 Murray Street, Camden, Sydney Camden


hungry-bean-espresso-bar-cbd;https://www.zomato.com/sydney/hungry-bean-espresso-bar-cbd;java.lang.ArrayIndexOutOfBoundsException: -1 Could not parse address: Shop 1, 45 Clarence Street, CBD, Sydney CBD


peters-chinese-and-malaysian-restaurant-bangor;https://www.zomato.com/sydney/peters-chinese-and-malaysian-restaurant-bangor;java.lang.ArrayIndexOutOfBoundsException: -1 Could not parse address: Shop 7-8, Bangor Shopping Centre, Corner Yala & Menai Road, Bangor, Sydney Bangor


i-wok-haymarket;https://www.zomato.com/sydney/i-wok-haymarket;java.lang.ArrayIndexOutOfBoundsException: -1 Could not parse address: Shop 14B, Henry Deane Plaza, Central Station, Lee Street, Haymarket, Sydney Haymarket


mekong-noodle-bar-marrickville;https://www.zomato.com/sydney/mekong-noodle-bar-marrickville;java.lang.ArrayIndexOutOfBoundsException: -1 Could not parse address: Shop 4, 276-278 Marrickville Rod, Marrickville, Sydney Marrickville


coastal-castile-manly-vale;https://www.zomato.com/sydney/coastal-castile-manly-vale;java.lang.ArrayIndexOutOfBoundsException: -1 Could not parse address: Shop 2, 232 Condamine Street, Manly Vale, Sydney Manly Vale NSW


east-court-restaurant-richmond;https://www.zomato.com/sydney/east-court-restaurant-richmond;java.lang.ArrayIndexOutOfBoundsException: -1 Could not parse address: Floor 1, 144-148 Windsor Street, Richmond, Sydney Richmond


base-n-burger-forestville;https://www.zomato.com/sydney/base-n-burger-forestville;java.lang.ArrayIndexOutOfBoundsException: -1 Could not parse address: Shop 61, The Centre, Darley Street, Forestville, Sydney Forestville NSW


piazza-petersham;https://www.zomato.com/sydney/piazza-petersham;java.lang.Exception: Could not parse one part address Could not parse address: 118-120 New Canterbury Road


trang-an-mona-vale;https://www.zomato.com/sydney/trang-an-mona-vale;java.lang.ArrayIndexOutOfBoundsException: -1 Could not parse address: Shop 3, 1777 Pittwater Road, Mona Vale, Sydney Mona Vale


cafe-bacetti-matraville;https://www.zomato.com/sydney/cafe-bacetti-matraville;java.lang.Exception: Could not parse one part address Could not parse address: 6/133 Beauchamp Road


winwin-spicy-winwin-cbd;https://www.zomato.com/sydney/winwin-spicy-winwin-cbd;java.lang.ArrayIndexOutOfBoundsException: -1 Could not parse address: Shop 14/1 Dixon Street, Chinatown, CBD, Sydney CBD


cha-rice-noodlebar-newport;https://www.zomato.com/sydney/cha-rice-noodlebar-newport;java.lang.ArrayIndexOutOfBoundsException: -1 Could not parse address: Shop 2, Newport Village Arcade, 331-335 Barrenjoey Road, Newport , Sydney Newport NSW


stuffd-carlton;https://www.zomato.com/sydney/stuffd-carlton;java.lang.ArrayIndexOutOfBoundsException: -1 Could not parse address: Shop 2, 148 Bellevue Parade, Carlton, Sydney Carlton


st-marys-pizza-kebab-pide-north-st-marys;https://www.zomato.com/sydney/st-marys-pizza-kebab-pide-north-st-marys;java.lang.ArrayIndexOutOfBoundsException: -1 Could not parse address: 8 Parklawn Place, North St Marys, St Marys, Sydney North St Marys NSW


hannas-cafe-parramatta;https://www.zomato.com/sydney/hannas-cafe-parramatta;java.lang.ArrayIndexOutOfBoundsException: -1 Could not parse address: Shop 1, 25 Cowper Street, Parramatta, Sydney Parramatta NSW


la-famiglia-leura;https://www.zomato.com/sydney/la-famiglia-leura;java.lang.ArrayIndexOutOfBoundsException: -1 Could not parse address: Shop 5, 38 Sation Street, Wentworth Falls, Sydney, Leura, Sydney Leura


beecroft-kitchen-beecroft;https://www.zomato.com/sydney/beecroft-kitchen-beecroft;java.lang.ArrayIndexOutOfBoundsException: -1 Could not parse address: Shop 25, 6-8 Hannah Street, Beecroft, Sydney Beecroft NSW


pho-master-parramatta;https://www.zomato.com/sydney/pho-master-parramatta;java.lang.ArrayIndexOutOfBoundsException: -1 Could not parse address: Shop 5, 55 George Street, Parramatta, Sydney Parramatta


motza-pizza-castlecrag;https://www.zomato.com/sydney/motza-pizza-castlecrag;java.lang.ArrayIndexOutOfBoundsException: -1 Could not parse address: Shop 6, Griffin Centre, 122 Edinburgh Road, Castlecrag, Sydney Castlecrag


el-shaddai-sutherland;https://www.zomato.com/sydney/el-shaddai-sutherland;java.lang.ArrayIndexOutOfBoundsException: -1 Could not parse address: Shop 1, 838 Old Princes Highway, Sutherland, Sydney Sutherland


moorebank-chinese-takeaway-moorebank;https://www.zomato.com/sydney/moorebank-chinese-takeaway-moorebank;java.lang.ArrayIndexOutOfBoundsException: -1 Could not parse address: Shop 33, Moorebank Shopping Village, 42 Stockton Avenue, Moorebank, Sydney Moorebank


nikkis-pizza-merrylands-west;https://www.zomato.com/sydney/nikkis-pizza-merrylands-west;java.lang.ArrayIndexOutOfBoundsException: -1 Could not parse address: Shop 1, 530 Merrylands Road, Merrylands West, Sydney, Merrylands, Sydney Merrylands West


pink-palate-restaurant-kings-langley;https://www.zomato.com/sydney/pink-palate-restaurant-kings-langley;java.lang.ArrayIndexOutOfBoundsException: -1 Could not parse address: Shop 10, Kings Langley Shopping Centre, 125 James Cook Drive, Bella Vista, Sydney Kings Langley NSW


m-j-thai-cuisine-parramatta;https://www.zomato.com/sydney/m-j-thai-cuisine-parramatta;java.lang.ArrayIndexOutOfBoundsException: -1 Could not parse address: Woolpack Hotel, 19 George Street, Parramatta, Sydney Parramatta


jcs-pizza-curl-curl;https://www.zomato.com/sydney/jcs-pizza-curl-curl;java.lang.ArrayIndexOutOfBoundsException: -1 Could not parse address: Harbord Bowling Club, Bennet Street, Curl Curl, Sydney Curl Curl NSW


talking-tables-indian-cuisine-penrith;https://www.zomato.com/sydney/talking-tables-indian-cuisine-penrith;java.lang.ArrayIndexOutOfBoundsException: -1 Could not parse address: 166, Henry Street, Penrith, Sydney Penrith


tasty-tandoori-indian-restaurant-miranda;https://www.zomato.com/sydney/tasty-tandoori-indian-restaurant-miranda;java.lang.ArrayIndexOutOfBoundsException: -1 Could not parse address: Shop 2, 525 Kingsway, Miranda, Sydney Miranda


pick-a-pizza-1-campbelltown;https://www.zomato.com/sydney/pick-a-pizza-1-campbelltown;java.lang.ArrayIndexOutOfBoundsException: -1 Could not parse address: Shop 8, 91 Waminda Avenue, Campbelltown, Sydney Campbelltown


sushi-junction-cbd;https://www.zomato.com/sydney/sushi-junction-cbd;java.lang.ArrayIndexOutOfBoundsException: -1 Could not parse address: Shop T22, MetCentre, 273 George Street, CBD CBD


michaelangelos-pizzeria-blaxland;https://www.zomato.com/sydney/michaelangelos-pizzeria-blaxland;java.lang.ArrayIndexOutOfBoundsException: -1 Could not parse address: Shop 1, 146 Great Western Highway, Blaxland, Sydney Blaxland


whittos-pizzas-engadine;https://www.zomato.com/sydney/whittos-pizzas-engadine;java.lang.ArrayIndexOutOfBoundsException: -1 Could not parse address: Shop 4, 55 Kingswood Road, Engadine, Sydney Engadine NSW


chinese-sichuan-food-prospect;https://www.zomato.com/sydney/chinese-sichuan-food-prospect;java.lang.ArrayIndexOutOfBoundsException: -1 Could not parse address: Shop 9, Corner Aldgate Street And Blacktown Road, Blacktown, Sydney


dish-8-thai-bangor;https://www.zomato.com/sydney/dish-8-thai-bangor;java.lang.ArrayIndexOutOfBoundsException: -1 Could not parse address: Shop 9, Bangor Shopping Center, 121 Yala Road, Bangor, Sydney Bangor


louies-chinese-restaurant-asquith;https://www.zomato.com/sydney/louies-chinese-restaurant-asquith;java.lang.ArrayIndexOutOfBoundsException: -1 Could not parse address: Shop 1, 365 Pacific Highway, Hornsby, Sydney NSW


menu--rooty-hill;https://www.zomato.com/sydney/menu--rooty-hill;java.lang.ArrayIndexOutOfBoundsException: -1 Could not parse address: 55 Shrekbrooke Street, Rooty Hill RSL, Rooty Hill, Sydney Rooty Hill NSW


the-old-oak-patisserie-cbd;https://www.zomato.com/sydney/the-old-oak-patisserie-cbd;java.lang.ArrayIndexOutOfBoundsException: -1 Could not parse address: Shop T21, MetCentre, 273 George Street, CBD, Sydney CBD


sadi-tandoori-taj-indian-takeaway-and-restaurant-elizabeth-bay;https://www.zomato.com/sydney/sadi-tandoori-taj-indian-takeaway-and-restaurant-elizabeth-bay;java.lang.ArrayIndexOutOfBoundsException: -1 Could not parse address: 105 Macleay Street, Elizabeth Bay NSW, Elizabeth Bay, Sydney Elizabeth Bay NSW


marayong-court-chinese-restaurant-marayong;https://www.zomato.com/sydney/marayong-court-chinese-restaurant-marayong;java.lang.ArrayIndexOutOfBoundsException: -1 Could not parse address: Shop 1, 60 Railway Road, Marayong, Blacktown, Sydney Marayong


stream-espresso-cbd;https://www.zomato.com/sydney/stream-espresso-cbd;java.lang.ArrayIndexOutOfBoundsException: -1 Could not parse address: Shop 5, 200 George Street, CBD, Sydney CBD NSW


fusiopia-mosman;https://www.zomato.com/sydney/fusiopia-mosman;java.lang.ArrayIndexOutOfBoundsException: -1 Could not parse address: Shop 1, 143A Raglan Street, Sydney, Mosman, Sydney Mosman


cjs-sandwich-factory-moorebank;https://www.zomato.com/sydney/cjs-sandwich-factory-moorebank;java.lang.ArrayIndexOutOfBoundsException: -1 Could not parse address: Shop 21, 30 Heathcode Road, Moorebank, Sydney Moorebank NSW


pizza2night-campbelltown;https://www.zomato.com/sydney/pizza2night-campbelltown;java.lang.ArrayIndexOutOfBoundsException: -1 Could not parse address: Shop 2, 50 Queen Street, Campbelltown, Sydney Campbelltown


monte-italia-blaxland;https://www.zomato.com/sydney/monte-italia-blaxland;java.lang.ArrayIndexOutOfBoundsException: -1 Could not parse address: 285 Great Western Highway, Warrimoo, Blaxland, Sydney Blaxland


springwood-kebab-house-springwood;https://www.zomato.com/sydney/springwood-kebab-house-springwood;java.lang.ArrayIndexOutOfBoundsException: -1 Could not parse address: 3, 133 Macquarie Road, Springwood, Sydney Springwood


hk-food-house-menai;https://www.zomato.com/sydney/hk-food-house-menai;java.lang.ArrayIndexOutOfBoundsException: -1 Could not parse address: Shop 3, 41 Hall Drive, Menai, Sydney Menai


old-town-story-eastwood;https://www.zomato.com/sydney/old-town-story-eastwood;java.lang.ArrayIndexOutOfBoundsException: -1 Could not parse address: Shop3, 7 Glen Street, Eastwood, Sydney Eastwood


ollies-kitchen-coogee;https://www.zomato.com/sydney/ollies-kitchen-coogee;java.lang.ArrayIndexOutOfBoundsException: -1 Could not parse address: 209 Coogee Bay Rd, Coogee NSW 2034, Coogee, Sydney Coogee


mountain-palace-richmond;https://www.zomato.com/sydney/mountain-palace-richmond;java.lang.ArrayIndexOutOfBoundsException: -1 Could not parse address: Shop 1, 25 Bells Line Of Road, Richmond, Sydney Richmond NSW


meltemi-pizzeria-restaurant-avalon;https://www.zomato.com/sydney/meltemi-pizzeria-restaurant-avalon;java.lang.ArrayIndexOutOfBoundsException: -1 Could not parse address: Shop 1, 46 Old Barrenjoey Road, Avalon, Sydney Avalon


new-golden-town-chinese-restaurant-campbelltown;https://www.zomato.com/sydney/new-golden-town-chinese-restaurant-campbelltown;java.lang.ArrayIndexOutOfBoundsException: -1 Could not parse address: Shop 2, 81 Dumaresq Street, Campbelltown, Sydney Campbelltown


pymble-gourmet-pizza-pasta-ribs-pymble;https://www.zomato.com/sydney/pymble-gourmet-pizza-pasta-ribs-pymble;java.lang.ArrayIndexOutOfBoundsException: -1 Could not parse address: Shop 1, 81 Grandview Street, Pymble, Sydney Pymble


the-pizza-stop-kingswood;https://www.zomato.com/sydney/the-pizza-stop-kingswood;java.lang.ArrayIndexOutOfBoundsException: -1 Could not parse address: Shop 3, 194-196 Great Western Highway, Kingswood, Penrith, Sydney Kingswood NSW


loong-fong-ermington;https://www.zomato.com/sydney/loong-fong-ermington;java.lang.ArrayIndexOutOfBoundsException: -1 Could not parse address: Shop1, 39 Barrlett Street, Ermington, Sydney Ermington


bulkaz-kebab-pizza-pendle-hill;https://www.zomato.com/sydney/bulkaz-kebab-pizza-pendle-hill;java.lang.ArrayIndexOutOfBoundsException: -1 Could not parse address: 111 Pendle Way, Pendle Hill, Old Toongabbie, Sydney Pendle Hill NSW


moorebank-pizza-kebab-house-moorebank;https://www.zomato.com/sydney/moorebank-pizza-kebab-house-moorebank;java.lang.ArrayIndexOutOfBoundsException: -1 Could not parse address: Shop 29, Moorebank Shopping Village, 42 Stockton Avenue, Moorebank, Sydney Moorebank


mascot-fresh-kitchen-mascot;https://www.zomato.com/sydney/mascot-fresh-kitchen-mascot;java.lang.ArrayIndexOutOfBoundsException: -1 Could not parse address: 946 Botany Road, NSW 2020, Mascot, Sydney Mascot


indian-family-restaurant-gymea;https://www.zomato.com/sydney/indian-family-restaurant-gymea;java.lang.Exception: Could not parse one part address Could not parse address: 59-61 Gymea Bay Road Gymea


the-pizza-shack-menai;https://www.zomato.com/sydney/the-pizza-shack-menai;java.lang.ArrayIndexOutOfBoundsException: -1 Could not parse address: Shop 2, 41 Hall Drive, Menai, Sydney Menai


wok-flavour-balmain;https://www.zomato.com/sydney/wok-flavour-balmain;java.lang.ArrayIndexOutOfBoundsException: -1 Could not parse address: Shop 139, 2-18 Buchanan Street, Balmain, Sydney Balmain NSW


bollywood-tandoori-kingswood;https://www.zomato.com/sydney/bollywood-tandoori-kingswood;java.lang.ArrayIndexOutOfBoundsException: -1 Could not parse address: 1/1 Manning Street, Kingswood, St Marys, Sydney Kingswood


thai-ruk-thai-blaxland;https://www.zomato.com/sydney/thai-ruk-thai-blaxland;java.lang.ArrayIndexOutOfBoundsException: -1 Could not parse address: Shop 2, 17 Great Western Highway, Blaxland, Sydney Blaxland NSW


jaspauls-indian-restaurant-sylvania;https://www.zomato.com/sydney/jaspauls-indian-restaurant-sylvania;java.lang.ArrayIndexOutOfBoundsException: -1 Could not parse address: Shop 5, 238 Princes Highway, Sylvania, Sydney Sylvania NSW


glenhaven-pizza-and-pasta-glenhaven;https://www.zomato.com/sydney/glenhaven-pizza-and-pasta-glenhaven;java.lang.ArrayIndexOutOfBoundsException: -1 Could not parse address: 78 Glenhaven Road, Glenhaven, Dural, Sydney Glenhaven NSW


sunset-thai-cuisine-and-takeaway-kingswood;https://www.zomato.com/sydney/sunset-thai-cuisine-and-takeaway-kingswood;java.lang.ArrayIndexOutOfBoundsException: -1 Could not parse address: 10 Bringelly Road, Kingswood, Kingswood, Sydney Kingswood NSW


westlake-chinese-restaurant-vineyard;https://www.zomato.com/sydney/westlake-chinese-restaurant-vineyard;java.lang.ArrayIndexOutOfBoundsException: -1 Could not parse address: Alexander The Great Motel, 317 Windsor Road, Vineyard, Sydney Vineyard NSW


thai-to-go-north-narrabeen;https://www.zomato.com/sydney/thai-to-go-north-narrabeen;java.lang.ArrayIndexOutOfBoundsException: -1 Could not parse address: Shop 3, 54 Garden Street, North Narrabeen, Sydney North Narrabeen


chicken-kingdom-milperra;https://www.zomato.com/sydney/chicken-kingdom-milperra;java.lang.ArrayIndexOutOfBoundsException: -1 Could not parse address: 6-8 Bullecourt Ave, Milperra, Revesby, Sydney Milperra


golden-bowl-kitchen-carlingford;https://www.zomato.com/sydney/golden-bowl-kitchen-carlingford;java.lang.ArrayIndexOutOfBoundsException: -1 Could not parse address: 5A/5-7 Mobbs Lane, Carlingford, Epping, Sydney Carlingford NSW


skyline-chinese-restaurant-frenchs-forest;https://www.zomato.com/sydney/skyline-chinese-restaurant-frenchs-forest;java.lang.ArrayIndexOutOfBoundsException: -1 Could not parse address: Shop 3, 20/4 Frenchs Forest Road, Frenchs Forest, Sydney Frenchs Forest


nailati-pizza-campbelltown;https://www.zomato.com/sydney/nailati-pizza-campbelltown;java.lang.ArrayIndexOutOfBoundsException: -1 Could not parse address: Shop 1, 5-9 Iando Way, Currans Hill, Sydney


time-4-thai-collaroy-plateau;https://www.zomato.com/sydney/time-4-thai-collaroy-plateau;java.lang.ArrayIndexOutOfBoundsException: -1 Could not parse address: Shop 3, 23 Telopea Street, Collaroy Plateau, Sydney Collaroy Plateau


ajmers-indian