arisun-cbd,https://www.zomato.com/sydney/arisun-cbd,failchat-thai-1-cbd,https://www.zomato.com/sydney/chat-thai-1-cbd,failhenry-lees-redfern, https://www.zomato.com/sydney/henry-lees-redfern, success
macchiato-cbd, https://www.zomato.com/sydney/macchiato-cbd, success
boon-cafe-eatery-jarern-chai-grocer-haymarket,https://www.zomato.com/sydney/boon-cafe-eatery-jarern-chai-grocer-haymarket,failsultans-table-enmore, https://www.zomato.com/sydney/sultans-table-enmore, success
something-for-jess-chippendale, https://www.zomato.com/sydney/something-for-jess-chippendale, success
kazbah-balmain-balmain, https://www.zomato.com/sydney/kazbah-balmain-balmain, success
milk-bar-by-cafe-ish-redfern, https://www.zomato.com/sydney/milk-bar-by-cafe-ish-redfern, success
shortstop-coffee-donuts-barangaroo,https://www.zomato.com/sydney/shortstop-coffee-donuts-barangaroo,failthanon-khaosan-haymarket, https://www.zomato.com/sydney/thanon-khaosan-haymarket, success
bangbang-cafe-surry-hills, https://www.zomato.com/sydney/bangbang-cafe-surry-hills, success
jasmin1-auburn, https://www.zomato.com/sydney/jasmin1-auburn, success
the-missing-piece-cafe-macquarie-park,https://www.zomato.com/sydney/the-missing-piece-cafe-macquarie-park,failjoe-black-cbd, https://www.zomato.com/sydney/joe-black-cbd, success
its-time-for-thai-kingsford, https://www.zomato.com/sydney/its-time-for-thai-kingsford, success
unas-café-restaurant-darlinghurst, https://www.zomato.com/sydney/unas-café-restaurant-darlinghurst, success
hawa-charcoal-chicken-granville, https://www.zomato.com/sydney/hawa-charcoal-chicken-granville, success
i-love-pho-crows-nest, https://www.zomato.com/sydney/i-love-pho-crows-nest, success
butcher-and-the-farmer-forest-lodge,https://www.zomato.com/sydney/butcher-and-the-farmer-forest-lodge,failinferno-grill-cafe-maroubra,https://www.zomato.com/sydney/inferno-grill-cafe-maroubra,failbadmanner-thymes-parramatta, https://www.zomato.com/sydney/badmanner-thymes-parramatta, success
dear-delicious-dulwich-hill, https://www.zomato.com/sydney/dear-delicious-dulwich-hill, success
mas-que-st-leonards,https://www.zomato.com/sydney/mas-que-st-leonards,failkopi-tiam-spice-alley-chippendale, https://www.zomato.com/sydney/kopi-tiam-spice-alley-chippendale, success
thai-riffic-1-newtown, https://www.zomato.com/sydney/thai-riffic-1-newtown, success
daisys-milkbar-petersham, https://www.zomato.com/sydney/daisys-milkbar-petersham, success
lentil-as-anything-newtown, https://www.zomato.com/sydney/lentil-as-anything-newtown, success
rising-sun-workshop-1-newtown, https://www.zomato.com/sydney/rising-sun-workshop-1-newtown, success
eat-fuh-marrickville, https://www.zomato.com/sydney/eat-fuh-marrickville, success
kepos-co-waterloo,https://www.zomato.com/sydney/kepos-co-waterloo,failthe-muglan-cbd, https://www.zomato.com/sydney/the-muglan-cbd, success
hurricanes-grill-darling-harbour-darling-harbour,https://www.zomato.com/sydney/hurricanes-grill-darling-harbour-darling-harbour,failmasala-bowl-cbd, https://www.zomato.com/sydney/masala-bowl-cbd, success
old-thanh-huong-marrickville, https://www.zomato.com/sydney/old-thanh-huong-marrickville, success
mamak-haymarket, https://www.zomato.com/sydney/mamak-haymarket, success
the-italian-bowl-newtown, https://www.zomato.com/sydney/the-italian-bowl-newtown, success
brainwave-cafe-ultimo,https://www.zomato.com/sydney/brainwave-cafe-ultimo,failencasa-haymarket, https://www.zomato.com/sydney/encasa-haymarket, success
salt-meats-cheese-drummoyne, https://www.zomato.com/sydney/salt-meats-cheese-drummoyne, success
la-sen-randwick, https://www.zomato.com/sydney/la-sen-randwick, success
assámm-thai-by-chat-thai-cbd,https://www.zomato.com/sydney/assámm-thai-by-chat-thai-cbd,failarmory-wharf-cafe-sydney-olympic-park,https://www.zomato.com/sydney/armory-wharf-cafe-sydney-olympic-park,failbarzura-coogee, https://www.zomato.com/sydney/barzura-coogee, success
great-aunty-three-enmore, https://www.zomato.com/sydney/great-aunty-three-enmore, success
erciyes-redfern, https://www.zomato.com/sydney/erciyes-redfern, success
mickys-cafe-paddington, https://www.zomato.com/sydney/mickys-cafe-paddington, success
jasmin1-leichhardt, https://www.zomato.com/sydney/jasmin1-leichhardt, success
manoosh-enmore, https://www.zomato.com/sydney/manoosh-enmore, success
caffe-dante-1-cbd,https://www.zomato.com/sydney/caffe-dante-1-cbd,failze-pickle-surry-hills, https://www.zomato.com/sydney/ze-pickle-surry-hills, success
zeus-street-greek-drummoyne, https://www.zomato.com/sydney/zeus-street-greek-drummoyne, success
butter-sydney-surry-hills, https://www.zomato.com/sydney/butter-sydney-surry-hills, success
lynn-shanghai-cuisine-cbd, https://www.zomato.com/sydney/lynn-shanghai-cuisine-cbd, success
dachshund-coffee-hunters-hill,https://www.zomato.com/sydney/dachshund-coffee-hunters-hill,failhunter-barrel-darling-harbour,https://www.zomato.com/sydney/hunter-barrel-darling-harbour,failteaplus-1-burwood, https://www.zomato.com/sydney/teaplus-1-burwood, success
malabar-darlinghurst, https://www.zomato.com/sydney/malabar-darlinghurst, success
vn-street-foods-1-marrickville, https://www.zomato.com/sydney/vn-street-foods-1-marrickville, success
salmon-bear-zetland, https://www.zomato.com/sydney/salmon-bear-zetland, success
yangs-dumpling-burwood,https://www.zomato.com/sydney/yangs-dumpling-burwood,failmaya-da-dhaba-surry-hills, https://www.zomato.com/sydney/maya-da-dhaba-surry-hills, success
jasmins-lebanese-restaurant-lakemba, https://www.zomato.com/sydney/jasmins-lebanese-restaurant-lakemba, success
outback-steakhouse-north-strathfield, https://www.zomato.com/sydney/outback-steakhouse-north-strathfield, success
grano-wetherill-park, https://www.zomato.com/sydney/grano-wetherill-park, success
chow-bella-cafe-lidcombe, https://www.zomato.com/sydney/chow-bella-cafe-lidcombe, success
hello-auntie-marrickville, https://www.zomato.com/sydney/hello-auntie-marrickville, success
spiced-by-billus-barangaroo, https://www.zomato.com/sydney/spiced-by-billus-barangaroo, success
two-sticks-george-st-haymarket, https://www.zomato.com/sydney/two-sticks-george-st-haymarket, success
delhi-o-delhi-newtown, https://www.zomato.com/sydney/delhi-o-delhi-newtown, success
pompeis-bondi-beach, https://www.zomato.com/sydney/pompeis-bondi-beach, success
atom-thai-newtown, https://www.zomato.com/sydney/atom-thai-newtown, success
kellys-bar-and-grill-bondi-junction,https://www.zomato.com/sydney/kellys-bar-and-grill-bondi-junction,faildoytao-thai-newtown, https://www.zomato.com/sydney/doytao-thai-newtown, success
nawaz-flavour-of-india-glebe, https://www.zomato.com/sydney/nawaz-flavour-of-india-glebe, success
thai-la-ong-newtown, https://www.zomato.com/sydney/thai-la-ong-newtown, success
bombay-street-kitchen-glebe,https://www.zomato.com/sydney/bombay-street-kitchen-glebe,failsurlys-darlinghurst, https://www.zomato.com/sydney/surlys-darlinghurst, success
thai-i-m-parramatta, https://www.zomato.com/sydney/thai-i-m-parramatta, success
zushi-barangaroo-barangaroo,https://www.zomato.com/sydney/zushi-barangaroo-barangaroo,failchao-ba-chatswood,https://www.zomato.com/sydney/chao-ba-chatswood,failgreen-gourmet-newtown, https://www.zomato.com/sydney/green-gourmet-newtown, success
papparich-bankstown,https://www.zomato.com/sydney/papparich-bankstown,failarabella-restaurant-bar-newtown,https://www.zomato.com/sydney/arabella-restaurant-bar-newtown,failpho-sam-noodle-house-epping, https://www.zomato.com/sydney/pho-sam-noodle-house-epping, success
thousand-spices-homebush, https://www.zomato.com/sydney/thousand-spices-homebush, success
lal-qila-redfern, https://www.zomato.com/sydney/lal-qila-redfern, success
eat-grk-beverly-hills, https://www.zomato.com/sydney/eat-grk-beverly-hills, success
not-just-curries-harris-park, https://www.zomato.com/sydney/not-just-curries-harris-park, success
ribs-burgers-chippendale,https://www.zomato.com/sydney/ribs-burgers-chippendale,failyebisu-bar-grill-haymarket,https://www.zomato.com/sydney/yebisu-bar-grill-haymarket,failcappello-pizzeria-balmain-east, https://www.zomato.com/sydney/cappello-pizzeria-balmain-east, success
helm-bar-darling-harbour,https://www.zomato.com/sydney/helm-bar-darling-harbour,