eighteen-spices-malatang-burwood;https://www.zomato.com/sydney/eighteen-spices-malatang-burwood;java.net.SocketTimeoutException: Read timed out Read timed out


paradiserestaurant;https://www.zomato.com/sydney/paradiserestaurant;null Could not parse lat and lng from 


busshari-authentic-japanese-restaurant-elizabeth-bay;https://www.zomato.com/sydney/busshari-authentic-japanese-restaurant-elizabeth-bay;null Could not parse lat and lng from 


tsuru-food-truck;https://www.zomato.com/sydney/tsuru-food-truck;null Could not parse lat and lng from 


hicksonsizakaya;https://www.zomato.com/sydney/hicksonsizakaya;null Could not parse lat and lng from 


eat-art-truck-food-truck;https://www.zomato.com/sydney/eat-art-truck-food-truck;null Could not parse lat and lng from 


sam-song-kitchen-beverly-hills;https://www.zomato.com/sydney/sam-song-kitchen-beverly-hills;null Could not parse lat and lng from 


little-nepal-burwood;https://www.zomato.com/sydney/little-nepal-burwood;null Could not parse lat and lng from 


ya-malaysia;https://www.zomato.com/sydney/ya-malaysia;null Could not parse lat and lng from 


sushi-arigato-eastwood;https://www.zomato.com/sydney/sushi-arigato-eastwood;null Could not parse lat and lng from 


yipin-handpulled-noodle-burwood;https://www.zomato.com/sydney/yipin-handpulled-noodle-burwood;null Could not parse lat and lng from 


miras-korean-street-food-eastwood;https://www.zomato.com/sydney/miras-korean-street-food-eastwood;null Could not parse lat and lng from 


mate-burger-food-truck;https://www.zomato.com/sydney/mate-burger-food-truck;null Could not parse lat and lng from 


enjoy-cafe-haymarket;https://www.zomato.com/sydney/enjoy-cafe-haymarket;null Could not parse lat and lng from 


lets-do-yum-cha-food-truck;https://www.zomato.com/sydney/lets-do-yum-cha-food-truck;null Could not parse lat and lng from 


mama-linhs-food-truck;https://www.zomato.com/sydney/mama-linhs-food-truck;null Could not parse lat and lng from 


banoful-restaurant-sweets-1-lakemba;https://www.zomato.com/sydney/banoful-restaurant-sweets-1-lakemba;null Could not parse lat and lng from 


sakura-on-wheelz-food-truck;https://www.zomato.com/sydney/sakura-on-wheelz-food-truck;null Could not parse lat and lng from 


periyarindianrestaurant;https://www.zomato.com/sydney/periyarindianrestaurant;null Could not parse lat and lng from 


master-hot-pot-eastwood;https://www.zomato.com/sydney/master-hot-pot-eastwood;null Could not parse lat and lng from 


shiso-fine-food-truck;https://www.zomato.com/sydney/shiso-fine-food-truck;null Could not parse lat and lng from 


trangs-kitchen-food-truck;https://www.zomato.com/sydney/trangs-kitchen-food-truck;null Could not parse lat and lng from 


rengaya-1-north-sydney;https://www.zomato.com/sydney/rengaya-1-north-sydney;null Could not parse lat and lng from 


slow-head-boy-potts-point;https://www.zomato.com/sydney/slow-head-boy-potts-point;null Could not parse lat and lng from 


mamas-noodles-strathfield;https://www.zomato.com/sydney/mamas-noodles-strathfield;null Could not parse lat and lng from 


lu-bian-tan-haymarket;https://www.zomato.com/sydney/lu-bian-tan-haymarket;null Could not parse lat and lng from 


saigon-garden-ettalong-beach;https://www.zomato.com/sydney/saigon-garden-ettalong-beach;null Could not parse lat and lng from 


999-thai-kincumber;https://www.zomato.com/sydney/999-thai-kincumber;null Could not parse lat and lng from 


92-thai-restaurant-gosford;https://www.zomato.com/sydney/92-thai-restaurant-gosford;null Could not parse lat and lng from 


saigon-bites-east-gosford;https://www.zomato.com/sydney/saigon-bites-east-gosford;null Could not parse lat and lng from 


asian-chef-terrigal;https://www.zomato.com/sydney/asian-chef-terrigal;null Could not parse lat and lng from 


999-thai-restaurant-terrigal;https://www.zomato.com/sydney/999-thai-restaurant-terrigal;null Could not parse lat and lng from 


bow-thai-davistown;https://www.zomato.com/sydney/bow-thai-davistown;null Could not parse lat and lng from 


kb-thai-woy-woy;https://www.zomato.com/sydney/kb-thai-woy-woy;null Could not parse lat and lng from 


sit-oclock-thai-restaurant-and-takeaway-woy-woy;https://www.zomato.com/sydney/sit-oclock-thai-restaurant-and-takeaway-woy-woy;null Could not parse lat and lng from 


boons-thai-green-point;https://www.zomato.com/sydney/boons-thai-green-point;null Could not parse lat and lng from 


thai-continue-toukley;https://www.zomato.com/sydney/thai-continue-toukley;null Could not parse lat and lng from 


grand-pavilion-ettalong-beach;https://www.zomato.com/sydney/grand-pavilion-ettalong-beach;null Could not parse lat and lng from 


viet-taste-vietnamese-restaurant-2-east-gosford;https://www.zomato.com/sydney/viet-taste-vietnamese-restaurant-2-east-gosford;null Could not parse lat and lng from 


thai-indeed-killarney-vale;https://www.zomato.com/sydney/thai-indeed-killarney-vale;null Could not parse lat and lng from 


rus-chinese-restaurant-wyong;https://www.zomato.com/sydney/rus-chinese-restaurant-wyong;null Could not parse lat and lng from 


canton-chinese-restaurant-toukley;https://www.zomato.com/sydney/canton-chinese-restaurant-toukley;null Could not parse lat and lng from 


sapa-modern-vietnamese-terrigal;https://www.zomato.com/sydney/sapa-modern-vietnamese-terrigal;null Could not parse lat and lng from 


imperial-banquet-tuggerah;https://www.zomato.com/sydney/imperial-banquet-tuggerah;null Could not parse lat and lng from 


yume-modern-japanese-erina;https://www.zomato.com/sydney/yume-modern-japanese-erina;null Could not parse lat and lng from 


spice-noodle-bar-takeaway-terrigal;https://www.zomato.com/sydney/spice-noodle-bar-takeaway-terrigal;null Could not parse lat and lng from 


absolute-thai-tuggerah;https://www.zomato.com/sydney/absolute-thai-tuggerah;null Could not parse lat and lng from 


copperpot-umina-beach;https://www.zomato.com/sydney/copperpot-umina-beach;null Could not parse lat and lng from 


all-malay-avoca-beach;https://www.zomato.com/sydney/all-malay-avoca-beach;null Could not parse lat and lng from 


charming-thai-charmhaven;https://www.zomato.com/sydney/charming-thai-charmhaven;null Could not parse lat and lng from 


terrigal-thai-restaurant-terrigal;https://www.zomato.com/sydney/terrigal-thai-restaurant-terrigal;null Could not parse lat and lng from 


nthai-sing-terrigal;https://www.zomato.com/sydney/nthai-sing-terrigal;null Could not parse lat and lng from 


the-lucky-bee-hardys-bay;https://www.zomato.com/sydney/the-lucky-bee-hardys-bay;null Could not parse lat and lng from 


kemu-terrigal;https://www.zomato.com/sydney/kemu-terrigal;null Could not parse lat and lng from 


mr-cai-asian-cuisine-east-gosford;https://www.zomato.com/sydney/mr-cai-asian-cuisine-east-gosford;null Could not parse lat and lng from 


wisemans-ferry-bowling-club-gosford;https://www.zomato.com/sydney/wisemans-ferry-bowling-club-gosford;null Could not parse lat and lng from 


the-melting-chili-umina-beach;https://www.zomato.com/sydney/the-melting-chili-umina-beach;null Could not parse lat and lng from 


pree-cha-thai-take-away-restaurant-the-entrance;https://www.zomato.com/sydney/pree-cha-thai-take-away-restaurant-the-entrance;null Could not parse lat and lng from 


noble-thai-restaurant-toukley;https://www.zomato.com/sydney/noble-thai-restaurant-toukley;null Could not parse lat and lng from 


gosford-south-thai-take-away-gosford;https://www.zomato.com/sydney/gosford-south-thai-take-away-gosford;null Could not parse lat and lng from 


sapa-wamberal;https://www.zomato.com/sydney/sapa-wamberal;null Could not parse lat and lng from 


coco-rice-and-noodle-bar-the-entrance;https://www.zomato.com/sydney/coco-rice-and-noodle-bar-the-entrance;null Could not parse lat and lng from 


rolld-erina;https://www.zomato.com/sydney/rolld-erina;null Could not parse lat and lng from 


long-jetty-chinese-restaurant-long-jetty;https://www.zomato.com/sydney/long-jetty-chinese-restaurant-long-jetty;null Could not parse lat and lng from 


golden-leaves-chinese-restraunt-bateau-bay;https://www.zomato.com/sydney/golden-leaves-chinese-restraunt-bateau-bay;null Could not parse lat and lng from 


thein-thai-ettalong-beach;https://www.zomato.com/sydney/thein-thai-ettalong-beach;null Could not parse lat and lng from 


cha-chas-chinese-restaurant-gosford;https://www.zomato.com/sydney/cha-chas-chinese-restaurant-gosford;null Could not parse lat and lng from 


khonkaen-koon-thai-restaurant-umina-beach;https://www.zomato.com/sydney/khonkaen-koon-thai-restaurant-umina-beach;null Could not parse lat and lng from 


golden-lotus-chinese-restaurant-east-gosford;https://www.zomato.com/sydney/golden-lotus-chinese-restaurant-east-gosford;null Could not parse lat and lng from 


khonkaen-koon-thai-restaurant-point-clare;https://www.zomato.com/sydney/khonkaen-koon-thai-restaurant-point-clare;null Could not parse lat and lng from 


