barewitness;https://www.zomato.com/sydney/barewitness;null Could not parse lat and lng from 


busshari-authentic-japanese-restaurant-elizabeth-bay;https://www.zomato.com/sydney/busshari-authentic-japanese-restaurant-elizabeth-bay;null Could not parse lat and lng from 


mister-gee-burger-truck-food-truck;https://www.zomato.com/sydney/mister-gee-burger-truck-food-truck;null Could not parse lat and lng from 


theflynn;https://www.zomato.com/sydney/theflynn;null Could not parse lat and lng from 


lan-dining-haymarket;https://www.zomato.com/sydney/lan-dining-haymarket;null Could not parse lat and lng from 


holyheffa;https://www.zomato.com/sydney/holyheffa;null Could not parse lat and lng from 


eat-art-truck-food-truck;https://www.zomato.com/sydney/eat-art-truck-food-truck;null Could not parse lat and lng from 


hicksonsizakaya;https://www.zomato.com/sydney/hicksonsizakaya;null Could not parse lat and lng from 


commodorehotelnorthsydney;https://www.zomato.com/sydney/commodorehotelnorthsydney;null Could not parse lat and lng from 


superfly-cbd;https://www.zomato.com/sydney/superfly-cbd;null Could not parse lat and lng from 


nighthawk-diner-food-truck;https://www.zomato.com/sydney/nighthawk-diner-food-truck;null Could not parse lat and lng from 


nield-park-pavillion-rodd-point;https://www.zomato.com/sydney/nield-park-pavillion-rodd-point;null Could not parse lat and lng from 


big-mexican-rancho-gymea-bay;https://www.zomato.com/sydney/big-mexican-rancho-gymea-bay;null Could not parse lat and lng from 


archies-flame-grille-1-taren-point;https://www.zomato.com/sydney/archies-flame-grille-1-taren-point;null Could not parse lat and lng from 


ketchupcanteen;https://www.zomato.com/sydney/ketchupcanteen;null Could not parse lat and lng from 


ya-malaysia;https://www.zomato.com/sydney/ya-malaysia;null Could not parse lat and lng from 


sushi-arigato-eastwood;https://www.zomato.com/sydney/sushi-arigato-eastwood;null Could not parse lat and lng from 


sayong-curry-laksa-cbd;https://www.zomato.com/sydney/sayong-curry-laksa-cbd;null Could not parse lat and lng from 


zambrero-darlinghurst-darlinghurst;https://www.zomato.com/sydney/zambrero-darlinghurst-darlinghurst;null Could not parse lat and lng from 


woodland-kitchen-and-bar-neutral-bay;https://www.zomato.com/sydney/woodland-kitchen-and-bar-neutral-bay;null Could not parse lat and lng from 


lime-and-coconut-cafe-windsor;https://www.zomato.com/sydney/lime-and-coconut-cafe-windsor;null Could not parse lat and lng from 


dae-ga-korean-bbq-parramatta;https://www.zomato.com/sydney/dae-ga-korean-bbq-parramatta;null Could not parse lat and lng from 


yipin-handpulled-noodle-burwood;https://www.zomato.com/sydney/yipin-handpulled-noodle-burwood;null Could not parse lat and lng from 


tsuru-food-truck;https://www.zomato.com/sydney/tsuru-food-truck;null Could not parse lat and lng from 


omeros-on-the-beach-ramsgate;https://www.zomato.com/sydney/omeros-on-the-beach-ramsgate;null Could not parse lat and lng from 


georgesgourmetpizzeria;https://www.zomato.com/sydney/georgesgourmetpizzeria;null Could not parse lat and lng from 


miras-korean-street-food-eastwood;https://www.zomato.com/sydney/miras-korean-street-food-eastwood;null Could not parse lat and lng from 


agape-organic-food-truck-food-truck;https://www.zomato.com/sydney/agape-organic-food-truck-food-truck;null Could not parse lat and lng from 


pennylanebarcafe;https://www.zomato.com/sydney/pennylanebarcafe;null Could not parse lat and lng from 


mate-burger-food-truck;https://www.zomato.com/sydney/mate-burger-food-truck;null Could not parse lat and lng from 


obombay;https://www.zomato.com/sydney/obombay;null Could not parse lat and lng from 


thebaldfacedstag;https://www.zomato.com/sydney/thebaldfacedstag;null Could not parse lat and lng from 


little-couple-campsie;https://www.zomato.com/sydney/little-couple-campsie;null Could not parse lat and lng from 


the-hellenic-hurstville;https://www.zomato.com/sydney/the-hellenic-hurstville;null Could not parse lat and lng from 


chorizo-chasers-food-truck;https://www.zomato.com/sydney/chorizo-chasers-food-truck;null Could not parse lat and lng from 


star-sushi-annandale;https://www.zomato.com/sydney/star-sushi-annandale;null Could not parse lat and lng from 


ocean-heart-seafood-brighton-le-sands;https://www.zomato.com/sydney/ocean-heart-seafood-brighton-le-sands;java.net.SocketTimeoutException: Read timed out Read timed out


urban-pasta-truck-food-truck;https://www.zomato.com/sydney/urban-pasta-truck-food-truck;null Could not parse lat and lng from 


big-papas-food-truck-food-truck;https://www.zomato.com/sydney/big-papas-food-truck-food-truck;null Could not parse lat and lng from 


lets-do-yum-cha-food-truck;https://www.zomato.com/sydney/lets-do-yum-cha-food-truck;null Could not parse lat and lng from 


pane-e-cipolla-lilyfield;https://www.zomato.com/sydney/pane-e-cipolla-lilyfield;null Could not parse lat and lng from 


mama-linhs-food-truck;https://www.zomato.com/sydney/mama-linhs-food-truck;null Could not parse lat and lng from 


monster-rolls-food-truck;https://www.zomato.com/sydney/monster-rolls-food-truck;null Could not parse lat and lng from 


jafe-jaffles-food-truck;https://www.zomato.com/sydney/jafe-jaffles-food-truck;null Could not parse lat and lng from 


banoful-restaurant-sweets-1-lakemba;https://www.zomato.com/sydney/banoful-restaurant-sweets-1-lakemba;null Could not parse lat and lng from 


raza-central-pupusas-food-truck-food-truck;https://www.zomato.com/sydney/raza-central-pupusas-food-truck-food-truck;null Could not parse lat and lng from 


the-social-room-cafe;https://www.zomato.com/sydney/the-social-room-cafe;null Could not parse lat and lng from 


sakura-on-wheelz-food-truck;https://www.zomato.com/sydney/sakura-on-wheelz-food-truck;null Could not parse lat and lng from 


cafe-stories-pyrmont;https://www.zomato.com/sydney/cafe-stories-pyrmont;null Could not parse lat and lng from 


wing-shack-kings-park;https://www.zomato.com/sydney/wing-shack-kings-park;null Could not parse lat and lng from 


cook-at-kurnell-food-truck;https://www.zomato.com/sydney/cook-at-kurnell-food-truck;null Could not parse lat and lng from 


berlin-bangers-food-truck;https://www.zomato.com/sydney/berlin-bangers-food-truck;null Could not parse lat and lng from 


maverick-wings-food-truck;https://www.zomato.com/sydney/maverick-wings-food-truck;null Could not parse lat and lng from 


periyarindianrestaurant;https://www.zomato.com/sydney/periyarindianrestaurant;null Could not parse lat and lng from 


cantina-movil-1-food-truck;https://www.zomato.com/sydney/cantina-movil-1-food-truck;null Could not parse lat and lng from 


paradiserestaurant;https://www.zomato.com/sydney/paradiserestaurant;null Could not parse lat and lng from 


jarrods-shakes-n-snags-food-truck;https://www.zomato.com/sydney/jarrods-shakes-n-snags-food-truck;null Could not parse lat and lng from 


fritzs-wieners-food-truck;https://www.zomato.com/sydney/fritzs-wieners-food-truck;null Could not parse lat and lng from 


caminito-food-truck;https://www.zomato.com/sydney/caminito-food-truck;null Could not parse lat and lng from 


the-fancy-banger-food-truck;https://www.zomato.com/sydney/the-fancy-banger-food-truck;null Could not parse lat and lng from 


coogeediggers;https://www.zomato.com/sydney/coogeediggers;null Could not parse lat and lng from 


new-york-pastrami-deli-food-truck;https://www.zomato.com/sydney/new-york-pastrami-deli-food-truck;null Could not parse lat and lng from 


master-hot-pot-eastwood;https://www.zomato.com/sydney/master-hot-pot-eastwood;null Could not parse lat and lng from 


divine-burgers-minto;https://www.zomato.com/sydney/divine-burgers-minto;null Could not parse lat and lng from 


street-sliders-food-truck;https://www.zomato.com/sydney/street-sliders-food-truck;null Could not parse lat and lng from 


trangs-kitchen-food-truck;https://www.zomato.com/sydney/trangs-kitchen-food-truck;null Could not parse lat and lng from 


ethos-kogarah;https://www.zomato.com/sydney/ethos-kogarah;null Could not parse lat and lng from 


sundweesh-food-truck;https://www.zomato.com/sydney/sundweesh-food-truck;null Could not parse lat and lng from 


slow-head-boy-potts-point;https://www.zomato.com/sydney/slow-head-boy-potts-point;null Could not parse lat and lng from 


the-coffee-tram-food-truck;https://www.zomato.com/sydney/the-coffee-tram-food-truck;null Could not parse lat and lng from 


poklol-3-cbd;https://www.zomato.com/sydney/poklol-3-cbd;null Could not parse lat and lng from 


the-spruce-goose-diner-food-truck;https://www.zomato.com/sydney/the-spruce-goose-diner-food-truck;null Could not parse lat and lng from 


westmeadtavern;https://www.zomato.com/sydney/westmeadtavern;null Could not parse lat and lng from 


cafe-agave-kogarah;https://www.zomato.com/sydney/cafe-agave-kogarah;null Could not parse lat and lng from 


lidcombehotel;https://www.zomato.com/sydney/lidcombehotel;null Could not parse lat and lng from 


lidcombehotel;https://www.zomato.com/sydney/lidcombehotel;null Could not parse lat and lng from 


cafe-la-piazza-parramatta;https://www.zomato.com/sydney/cafe-la-piazza-parramatta;null Could not parse lat and lng from 


tacohawk-food-truck;https://www.zomato.com/sydney/tacohawk-food-truck;null Could not parse lat and lng from 


mamas-noodles-strathfield;https://www.zomato.com/sydney/mamas-noodles-strathfield;null Could not parse lat and lng from 


sabor-ecuatoriano-sydenham;https://www.zomato.com/sydney/sabor-ecuatoriano-sydenham;null Could not parse lat and lng from 


grassrootscanteen;https://www.zomato.com/sydney/grassrootscanteen;null Could not parse lat and lng from 


sweethawk-food-truck;https://www.zomato.com/sydney/sweethawk-food-truck;null Could not parse lat and lng from 


the-bon-pavilion-gosford;https://www.zomato.com/sydney/the-bon-pavilion-gosford;null Could not parse lat and lng from 


the-box-on-the-water-ettalong-beach;https://www.zomato.com/sydney/the-box-on-the-water-ettalong-beach;null Could not parse lat and lng from 


kb-thai-woy-woy;https://www.zomato.com/sydney/kb-thai-woy-woy;null Could not parse lat and lng from 


pearls-on-the-beach-pearl-beach;https://www.zomato.com/sydney/pearls-on-the-beach-pearl-beach;null Could not parse lat and lng from 


patonga-beach-hotel-horsfield-bay;https://www.zomato.com/sydney/patonga-beach-hotel-horsfield-bay;null Could not parse lat and lng from 


the-fat-goose-hardys-bay;https://www.zomato.com/sydney/the-fat-goose-hardys-bay;null Could not parse lat and lng from 


empire-bay-tavern-empire-bay;https://www.zomato.com/sydney/empire-bay-tavern-empire-bay;null Could not parse lat and lng from 


boathouse-waterfront-restaurant-koolewong;https://www.zomato.com/sydney/boathouse-waterfront-restaurant-koolewong;null Could not parse lat and lng from 


impact-café-empire-bay;https://www.zomato.com/sydney/impact-café-empire-bay;null Could not parse lat and lng from 


304-on-west-umina-beach;https://www.zomato.com/sydney/304-on-west-umina-beach;null Could not parse lat and lng from 


coast-175-ettalong-beach;https://www.zomato.com/sydney/coast-175-ettalong-beach;null Could not parse lat and lng from 


yum-yum-eatery-hardys-bay;https://www.zomato.com/sydney/yum-yum-eatery-hardys-bay;null Could not parse lat and lng from 


jasmine-greens-park-kiosk-umina-beach;https://www.zomato.com/sydney/jasmine-greens-park-kiosk-umina-beach;null Could not parse lat and lng from 


fishermens-wharf-woy-woy;https://www.zomato.com/sydney/fishermens-wharf-woy-woy;null Could not parse lat and lng from 


margarita-daze-umina-beach;https://www.zomato.com/sydney/margarita-daze-umina-beach;null Could not parse lat and lng from 


bombini-kincumber;https://www.zomato.com/sydney/bombini-kincumber;null Could not parse lat and lng from 


safran-ettalong-beach;https://www.zomato.com/sydney/safran-ettalong-beach;null Could not parse lat and lng from 


shelly-beach-golf-club-shelly-beach;https://www.zomato.com/sydney/shelly-beach-golf-club-shelly-beach;null Could not parse lat and lng from 


sit-oclock-thai-restaurant-and-takeaway-woy-woy;https://www.zomato.com/sydney/sit-oclock-thai-restaurant-and-takeaway-woy-woy;null Could not parse lat and lng from 


boons-thai-green-point;https://www.zomato.com/sydney/boons-thai-green-point;null Could not parse lat and lng from 


gnostic-mana-internet-cafe-woy-woy;https://www.zomato.com/sydney/gnostic-mana-internet-cafe-woy-woy;null Could not parse lat and lng from 


ashleys-restaurant-north-gosford;https://www.zomato.com/sydney/ashleys-restaurant-north-gosford;null Could not parse lat and lng from 


the-settlers-tavern-west-gosford;https://www.zomato.com/sydney/the-settlers-tavern-west-gosford;null Could not parse lat and lng from 


zanzibar-west-gosford;https://www.zomato.com/sydney/zanzibar-west-gosford;null Could not parse lat and lng from 


the-point-cafe-avoca-beach;https://www.zomato.com/sydney/the-point-cafe-avoca-beach;null Could not parse lat and lng from 


bar-botanica-erina;https://www.zomato.com/sydney/bar-botanica-erina;null Could not parse lat and lng from 


the-fish-hut-blackwall;https://www.zomato.com/sydney/the-fish-hut-blackwall;null Could not parse lat and lng from 


bow-thai-davistown;https://www.zomato.com/sydney/bow-thai-davistown;null Could not parse lat and lng from 


saigon-garden-ettalong-beach;https://www.zomato.com/sydney/saigon-garden-ettalong-beach;null Could not parse lat and lng from 


carls-jr-3-bateau-bay;https://www.zomato.com/sydney/carls-jr-3-bateau-bay;null Could not parse lat and lng from 


the-roasted-berry-tumbi-umbi;https://www.zomato.com/sydney/the-roasted-berry-tumbi-umbi;null Could not parse lat and lng from 


stillwaters-restaurant-davistown;https://www.zomato.com/sydney/stillwaters-restaurant-davistown;null Could not parse lat and lng from 


sanctuary-cafe-erina-heights;https://www.zomato.com/sydney/sanctuary-cafe-erina-heights;null Could not parse lat and lng from 


ministry-cafe-wyoming;https://www.zomato.com/sydney/ministry-cafe-wyoming;null Could not parse lat and lng from 


the-sitting-duck-peats-ridge;https://www.zomato.com/sydney/the-sitting-duck-peats-ridge;null Could not parse lat and lng from 


grand-pavilion-ettalong-beach;https://www.zomato.com/sydney/grand-pavilion-ettalong-beach;null Could not parse lat and lng from 


byblos-restaurant-bar-gosford;https://www.zomato.com/sydney/byblos-restaurant-bar-gosford;null Could not parse lat and lng from 


georges-family-restaurant-berkeley-vale;https://www.zomato.com/sydney/georges-family-restaurant-berkeley-vale;null Could not parse lat and lng from 


ooomph-cafe-east-gosford;https://www.zomato.com/sydney/ooomph-cafe-east-gosford;null Could not parse lat and lng from 


fork-n-knife-my-little-deli-gosford;https://www.zomato.com/sydney/fork-n-knife-my-little-deli-gosford;null Could not parse lat and lng from 


chocolateria-san-churro-erina;https://www.zomato.com/sydney/chocolateria-san-churro-erina;null Could not parse lat and lng from 


di-matteos-restaurant-forresters-beach;https://www.zomato.com/sydney/di-matteos-restaurant-forresters-beach;null Could not parse lat and lng from 


barretts-restaurant-magenta;https://www.zomato.com/sydney/barretts-restaurant-magenta;null Could not parse lat and lng from 


bremen-patisserie-umina-beach;https://www.zomato.com/sydney/bremen-patisserie-umina-beach;null Could not parse lat and lng from 


settlers-arms-inn-st-albans;https://www.zomato.com/sydney/settlers-arms-inn-st-albans;null Could not parse lat and lng from 


barrel-58-kurmond;https://www.zomato.com/sydney/barrel-58-kurmond;null Could not parse lat and lng from 


pearl-beach-cafe-umina-beach;https://www.zomato.com/sydney/pearl-beach-cafe-umina-beach;null Could not parse lat and lng from 


mohr-indian-restaurant-ourimbah;https://www.zomato.com/sydney/mohr-indian-restaurant-ourimbah;null Could not parse lat and lng from 


driftwood-bar-terrigal;https://www.zomato.com/sydney/driftwood-bar-terrigal;null Could not parse lat and lng from 


thai-indeed-killarney-vale;https://www.zomato.com/sydney/thai-indeed-killarney-vale;null Could not parse lat and lng from 


mi-cantina-the-entrance;https://www.zomato.com/sydney/mi-cantina-the-entrance;null Could not parse lat and lng from 


the-cowrie-terrigal;https://www.zomato.com/sydney/the-cowrie-terrigal;null Could not parse lat and lng from 


cafe-mocha-bateau-bay;https://www.zomato.com/sydney/cafe-mocha-bateau-bay;null Could not parse lat and lng from 


hungry-wolfs-pizza-and-pasta-restaurant-terrigal;https://www.zomato.com/sydney/hungry-wolfs-pizza-and-pasta-restaurant-terrigal;null Could not parse lat and lng from 


lok-lok-dumpling-bar-erina;https://www.zomato.com/sydney/lok-lok-dumpling-bar-erina;null Could not parse lat and lng from 


new-york-pizza-bar-grill-erina;https://www.zomato.com/sydney/new-york-pizza-bar-grill-erina;null Could not parse lat and lng from 


le-chat-noir-terrigal;https://www.zomato.com/sydney/le-chat-noir-terrigal;null Could not parse lat and lng from 


bellyfish-cafe-terrigal;https://www.zomato.com/sydney/bellyfish-cafe-terrigal;null Could not parse lat and lng from 


canton-chinese-restaurant-toukley;https://www.zomato.com/sydney/canton-chinese-restaurant-toukley;null Could not parse lat and lng from 


sassafras-creek-kurrajong;https://www.zomato.com/sydney/sassafras-creek-kurrajong;null Could not parse lat and lng from 


mums-seafood-kitchen-umina-beach;https://www.zomato.com/sydney/mums-seafood-kitchen-umina-beach;null Could not parse lat and lng from 


wamberal-ocean-view-cafe-wamberal;https://www.zomato.com/sydney/wamberal-ocean-view-cafe-wamberal;null Could not parse lat and lng from 


lochiel-house-kurrajong-heights;https://www.zomato.com/sydney/lochiel-house-kurrajong-heights;null Could not parse lat and lng from 


bamboo-buddah-wamberal;https://www.zomato.com/sydney/bamboo-buddah-wamberal;null Could not parse lat and lng from 


reef-restaurant-terrigal;https://www.zomato.com/sydney/reef-restaurant-terrigal;null Could not parse lat and lng from 


the-dart-feather-davistown;https://www.zomato.com/sydney/the-dart-feather-davistown;null Could not parse lat and lng from 


two-birds-gallery-cafe-toowoon-bay;https://www.zomato.com/sydney/two-birds-gallery-cafe-toowoon-bay;null Could not parse lat and lng from 


corrugated-cafe-peats-ridge;https://www.zomato.com/sydney/corrugated-cafe-peats-ridge;null Could not parse lat and lng from 


golden-tree-cafe-toukley;https://www.zomato.com/sydney/golden-tree-cafe-toukley;null Could not parse lat and lng from 


the-coast-bar-and-restaurant-gosford;https://www.zomato.com/sydney/the-coast-bar-and-restaurant-gosford;null Could not parse lat and lng from 


ocean-restaurant-the-entrance;https://www.zomato.com/sydney/ocean-restaurant-the-entrance;null Could not parse lat and lng from 


the-secret-cafe-charmhaven;https://www.zomato.com/sydney/the-secret-cafe-charmhaven;null Could not parse lat and lng from 


bella-natural-food-co-terrigal;https://www.zomato.com/sydney/bella-natural-food-co-terrigal;null Could not parse lat and lng from 


coast-89-toowoon-bay;https://www.zomato.com/sydney/coast-89-toowoon-bay;null Could not parse lat and lng from 


sapa-modern-vietnamese-terrigal;https://www.zomato.com/sydney/sapa-modern-vietnamese-terrigal;null Could not parse lat and lng from 


montis-ashore-gosford;https://www.zomato.com/sydney/montis-ashore-gosford;null Could not parse lat and lng from 


breakers-country-club-wamberal;https://www.zomato.com/sydney/breakers-country-club-wamberal;null Could not parse lat and lng from 


guzman-y-gomez-erina;https://www.zomato.com/sydney/guzman-y-gomez-erina;null Could not parse lat and lng from 


watersedge-seafood-restaurant-the-entrance;https://www.zomato.com/sydney/watersedge-seafood-restaurant-the-entrance;null Could not parse lat and lng from 


grilld-erina-erina;https://www.zomato.com/sydney/grilld-erina-erina;null Could not parse lat and lng from 


imperial-banquet-tuggerah;https://www.zomato.com/sydney/imperial-banquet-tuggerah;null Could not parse lat and lng from 


watersedge-seafood-restaurant-the-entrance;https://www.zomato.com/sydney/watersedge-seafood-restaurant-the-entrance;null Could not parse lat and lng from 


grilld-erina-erina;https://www.zomato.com/sydney/grilld-erina-erina;null Could not parse lat and lng from 


imperial-banquet-tuggerah;https://www.zomato.com/sydney/imperial-banquet-tuggerah;null Could not parse lat and lng from 


green-bean-cafe-toukley;https://www.zomato.com/sydney/green-bean-cafe-toukley;null Could not parse lat and lng from 


the-glass-onion-society-long-jetty;https://www.zomato.com/sydney/the-glass-onion-society-long-jetty;null Could not parse lat and lng from 


bay-cafe-toowoon-bay;https://www.zomato.com/sydney/bay-cafe-toowoon-bay;null Could not parse lat and lng from 


yume-modern-japanese-erina;https://www.zomato.com/sydney/yume-modern-japanese-erina;null Could not parse lat and lng from 


green-gallows-terrigal;https://www.zomato.com/sydney/green-gallows-terrigal;null Could not parse lat and lng from 


soul-origin-lake-haven;https://www.zomato.com/sydney/soul-origin-lake-haven;null Could not parse lat and lng from 


battys-takeaway-umina-beach;https://www.zomato.com/sydney/battys-takeaway-umina-beach;null Could not parse lat and lng from 


mad-mex-fresh-mexican-grill-tuggerah;https://www.zomato.com/sydney/mad-mex-fresh-mexican-grill-tuggerah;null Could not parse lat and lng from 


the-general-store-toukley;https://www.zomato.com/sydney/the-general-store-toukley;null Could not parse lat and lng from 


chillax-cafe-east-toukley;https://www.zomato.com/sydney/chillax-cafe-east-toukley;null Could not parse lat and lng from 


hungry-wolfs-italian-wyoming;https://www.zomato.com/sydney/hungry-wolfs-italian-wyoming;null Could not parse lat and lng from 


spice-noodle-bar-takeaway-terrigal;https://www.zomato.com/sydney/spice-noodle-bar-takeaway-terrigal;null Could not parse lat and lng from 


like-minds-avoca-beach;https://www.zomato.com/sydney/like-minds-avoca-beach;null Could not parse lat and lng from 


milk-factory-cafe-wyong;https://www.zomato.com/sydney/milk-factory-cafe-wyong;null Could not parse lat and lng from 


karinyas-restaurant-and-wine-bar-wyong;https://www.zomato.com/sydney/karinyas-restaurant-and-wine-bar-wyong;null Could not parse lat and lng from 


cove-cafe-terrigal;https://www.zomato.com/sydney/cove-cafe-terrigal;null Could not parse lat and lng from 


joes-pizza-parlour-gosford;https://www.zomato.com/sydney/joes-pizza-parlour-gosford;null Could not parse lat and lng from 


kravings-kurmond;https://www.zomato.com/sydney/kravings-kurmond;null Could not parse lat and lng from 


lone-star-rib-house-tuggerah;https://www.zomato.com/sydney/lone-star-rib-house-tuggerah;null Could not parse lat and lng from 


the-village-emporium-wamberal;https://www.zomato.com/sydney/the-village-emporium-wamberal;null Could not parse lat and lng from 


wise-food-cafe-avoca-beach;https://www.zomato.com/sydney/wise-food-cafe-avoca-beach;null Could not parse lat and lng from 


warnies-cafe-warnervale;https://www.zomato.com/sydney/warnies-cafe-warnervale;null Could not parse lat and lng from 


sounds-on-west-umina-beach;https://www.zomato.com/sydney/sounds-on-west-umina-beach;null Could not parse lat and lng from 


absolute-thai-tuggerah;https://www.zomato.com/sydney/absolute-thai-tuggerah;null Could not parse lat and lng from 


panarottis-pizza-pasta-tuggerah;https://www.zomato.com/sydney/panarottis-pizza-pasta-tuggerah;null Could not parse lat and lng from 


dominos-pizza-wyoming-wyoming;https://www.zomato.com/sydney/dominos-pizza-wyoming-wyoming;null Could not parse lat and lng from 


big-tuna-fish-co-the-entrance;https://www.zomato.com/sydney/big-tuna-fish-co-the-entrance;null Could not parse lat and lng from 


the-italian-the-entrance;https://www.zomato.com/sydney/the-italian-the-entrance;null Could not parse lat and lng from 


the-coffee-club-tuggerah-tuggerah;https://www.zomato.com/sydney/the-coffee-club-tuggerah-tuggerah;null Could not parse lat and lng from 


copperpot-umina-beach;https://www.zomato.com/sydney/copperpot-umina-beach;null Could not parse lat and lng from 


delish-of-erina-erina;https://www.zomato.com/sydney/delish-of-erina-erina;null Could not parse lat and lng from 


mcdonalds-lake-haven;https://www.zomato.com/sydney/mcdonalds-lake-haven;null Could not parse lat and lng from 


the-entrance-hotel-the-entrance;https://www.zomato.com/sydney/the-entrance-hotel-the-entrance;null Could not parse lat and lng from 


killarney-vale-bakery-killarney-vale;https://www.zomato.com/sydney/killarney-vale-bakery-killarney-vale;null Could not parse lat and lng from 


waterfall-cafe-somersby;https://www.zomato.com/sydney/waterfall-cafe-somersby;null Could not parse lat and lng from 


la-palma-ettalong-beach;https://www.zomato.com/sydney/la-palma-ettalong-beach;null Could not parse lat and lng from 


silver-dragon-chinese-restaurant-umina-beach;https://www.zomato.com/sydney/silver-dragon-chinese-restaurant-umina-beach;null Could not parse lat and lng from 


cara-o-cruz-tapas-restaurant-and-bar-terrigal;https://www.zomato.com/sydney/cara-o-cruz-tapas-restaurant-and-bar-terrigal;null Could not parse lat and lng from 


amillys-tuggerah;https://www.zomato.com/sydney/amillys-tuggerah;null Could not parse lat and lng from 


charming-thai-charmhaven;https://www.zomato.com/sydney/charming-thai-charmhaven;null Could not parse lat and lng from 


florida-beach-bar-terrigal;https://www.zomato.com/sydney/florida-beach-bar-terrigal;null Could not parse lat and lng from 


bay-hotel-bistro-bateau-bay;https://www.zomato.com/sydney/bay-hotel-bistro-bateau-bay;null Could not parse lat and lng from 


all-malay-avoca-beach;https://www.zomato.com/sydney/all-malay-avoca-beach;null Could not parse lat and lng from 


terrigal-thai-restaurant-terrigal;https://www.zomato.com/sydney/terrigal-thai-restaurant-terrigal;null Could not parse lat and lng from 


lotus-wamberal;https://www.zomato.com/sydney/lotus-wamberal;null Could not parse lat and lng from 


latitude-thirty-three-restaurant-brasserie-gosford;https://www.zomato.com/sydney/latitude-thirty-three-restaurant-brasserie-gosford;null Could not parse lat and lng from 


upper-deck-restaurant-gosford;https://www.zomato.com/sydney/upper-deck-restaurant-gosford;null Could not parse lat and lng from 


ocean-beach-hotel-umina;https://www.zomato.com/sydney/ocean-beach-hotel-umina;null Could not parse lat and lng from 


hogs-breath-cafe-tuggerah;https://www.zomato.com/sydney/hogs-breath-cafe-tuggerah;null Could not parse lat and lng from 


remy-co-pasta-bar-erina;https://www.zomato.com/sydney/remy-co-pasta-bar-erina;null Could not parse lat and lng from 


woy-woy-pizza-woy-woy;https://www.zomato.com/sydney/woy-woy-pizza-woy-woy;null Could not parse lat and lng from 


the-lucky-bee-hardys-bay;https://www.zomato.com/sydney/the-lucky-bee-hardys-bay;null Could not parse lat and lng from 


nthai-sing-terrigal;https://www.zomato.com/sydney/nthai-sing-terrigal;null Could not parse lat and lng from 


four-hands-pizza-terrigal;https://www.zomato.com/sydney/four-hands-pizza-terrigal;null Could not parse lat and lng from 


92-thai-restaurant-gosford;https://www.zomato.com/sydney/92-thai-restaurant-gosford;null Could not parse lat and lng from 


dominos-pizza-lake-haven-lake-haven;https://www.zomato.com/sydney/dominos-pizza-lake-haven-lake-haven;null Could not parse lat and lng from 


lisle-de-france-french-restaurant-terrigal;https://www.zomato.com/sydney/lisle-de-france-french-restaurant-terrigal;null Could not parse lat and lng from 


supreme-pizza-kincumber-kincumber;https://www.zomato.com/sydney/supreme-pizza-kincumber-kincumber;null Could not parse lat and lng from 


bruces-ozzie-pizza-bateau-bay;https://www.zomato.com/sydney/bruces-ozzie-pizza-bateau-bay;null Could not parse lat and lng from 


mad-mex-erina;https://www.zomato.com/sydney/mad-mex-erina;null Could not parse lat and lng from 


osteria-amano-wyong;https://www.zomato.com/sydney/osteria-amano-wyong;null Could not parse lat and lng from 


saigon-bites-east-gosford;https://www.zomato.com/sydney/saigon-bites-east-gosford;null Could not parse lat and lng from 


999-thai-kincumber;https://www.zomato.com/sydney/999-thai-kincumber;null Could not parse lat and lng from 


aromas-on-sea-terrigal;https://www.zomato.com/sydney/aromas-on-sea-terrigal;null Could not parse lat and lng from 


reviver-gosford;https://www.zomato.com/sydney/reviver-gosford;null Could not parse lat and lng from 


mcdonalds-wyong;https://www.zomato.com/sydney/mcdonalds-wyong;null Could not parse lat and lng from 


pelicans-restaurant-function-centre-woy-woy;https://www.zomato.com/sydney/pelicans-restaurant-function-centre-woy-woy;null Could not parse lat and lng from 


trevisani-italian-restaurant-north-gosford;https://www.zomato.com/sydney/trevisani-italian-restaurant-north-gosford;null Could not parse lat and lng from 


body-fuel-cafe-terrigal;https://www.zomato.com/sydney/body-fuel-cafe-terrigal;null Could not parse lat and lng from 


hatters-tea-house-ettalong-beach;https://www.zomato.com/sydney/hatters-tea-house-ettalong-beach;null Could not parse lat and lng from 


terrigal-ice-creamery-terrigal;https://www.zomato.com/sydney/terrigal-ice-creamery-terrigal;null Could not parse lat and lng from 


jamaica-blue-lake-haven;https://www.zomato.com/sydney/jamaica-blue-lake-haven;null Could not parse lat and lng from 


hatters-tea-house-ettalong-beach;https://www.zomato.com/sydney/hatters-tea-house-ettalong-beach;null Could not parse lat and lng from 


terrigal-ice-creamery-terrigal;https://www.zomato.com/sydney/terrigal-ice-creamery-terrigal;null Could not parse lat and lng from 


jamaica-blue-lake-haven;https://www.zomato.com/sydney/jamaica-blue-lake-haven;null Could not parse lat and lng from 


taste-gourmet-grocer-cafe-east-gosford;https://www.zomato.com/sydney/taste-gourmet-grocer-cafe-east-gosford;null Could not parse lat and lng from 


fish-dining-gosford;https://www.zomato.com/sydney/fish-dining-gosford;null Could not parse lat and lng from 


the-burrow-coffee-house-the-entrance;https://www.zomato.com/sydney/the-burrow-coffee-house-the-entrance;null Could not parse lat and lng from 


supermex-terrigal;https://www.zomato.com/sydney/supermex-terrigal;null Could not parse lat and lng from 


rjs-diner-woy-woy-woy-woy;https://www.zomato.com/sydney/rjs-diner-woy-woy-woy-woy;null Could not parse lat and lng from 


asian-chef-terrigal;https://www.zomato.com/sydney/asian-chef-terrigal;null Could not parse lat and lng from 


santorini-cafe-restaurant-terrigal;https://www.zomato.com/sydney/santorini-cafe-restaurant-terrigal;null Could not parse lat and lng from 


la-tartine-somersby;https://www.zomato.com/sydney/la-tartine-somersby;null Could not parse lat and lng from 


999-thai-restaurant-terrigal;https://www.zomato.com/sydney/999-thai-restaurant-terrigal;null Could not parse lat and lng from 


ettalong-beach-hotel-ettalong-beach;https://www.zomato.com/sydney/ettalong-beach-hotel-ettalong-beach;null Could not parse lat and lng from 


fahrenheit-cafe-east-gosford;https://www.zomato.com/sydney/fahrenheit-cafe-east-gosford;null Could not parse lat and lng from 


pizza-hut-lake-haven;https://www.zomato.com/sydney/pizza-hut-lake-haven;null Could not parse lat and lng from 


lords-of-pour-ettalong-beach;https://www.zomato.com/sydney/lords-of-pour-ettalong-beach;null Could not parse lat and lng from 


soul-origin-tuggerah;https://www.zomato.com/sydney/soul-origin-tuggerah;null Could not parse lat and lng from 


la-costa-cafe-restaurant-the-entrance;https://www.zomato.com/sydney/la-costa-cafe-restaurant-the-entrance;null Could not parse lat and lng from 


bar-de-lá-coco-terrigal;https://www.zomato.com/sydney/bar-de-lá-coco-terrigal;null Could not parse lat and lng from 


red-rooster-west-gosford;https://www.zomato.com/sydney/red-rooster-west-gosford;null Could not parse lat and lng from 


humble-pie-and-profiterole-shop-the-entrance;https://www.zomato.com/sydney/humble-pie-and-profiterole-shop-the-entrance;null Could not parse lat and lng from 


the-melting-chili-umina-beach;https://www.zomato.com/sydney/the-melting-chili-umina-beach;null Could not parse lat and lng from 


avoca-sands-café-avoca-beach;https://www.zomato.com/sydney/avoca-sands-café-avoca-beach;null Could not parse lat and lng from 


fishbonez-cafe-takeaway-terrigal;https://www.zomato.com/sydney/fishbonez-cafe-takeaway-terrigal;null Could not parse lat and lng from 


the-coffee-club-erina-fair-erina;https://www.zomato.com/sydney/the-coffee-club-erina-fair-erina;null Could not parse lat and lng from 


gourmet-pizza-kitchen-erina;https://www.zomato.com/sydney/gourmet-pizza-kitchen-erina;null Could not parse lat and lng from 


rus-chinese-restaurant-wyong;https://www.zomato.com/sydney/rus-chinese-restaurant-wyong;null Could not parse lat and lng from 


harrisons-on-terrigal-terrigal;https://www.zomato.com/sydney/harrisons-on-terrigal-terrigal;null Could not parse lat and lng from 


indigo-eats-treats-bar-tumbi-umbi;https://www.zomato.com/sydney/indigo-eats-treats-bar-tumbi-umbi;null Could not parse lat and lng from 


silver-tree-cafe-erina;https://www.zomato.com/sydney/silver-tree-cafe-erina;null Could not parse lat and lng from 


the-cats-pyjamas-ettalong-beach;https://www.zomato.com/sydney/the-cats-pyjamas-ettalong-beach;null Could not parse lat and lng from 


maccoa-terrigal;https://www.zomato.com/sydney/maccoa-terrigal;null Could not parse lat and lng from 


mcdonalds-3-wyong;https://www.zomato.com/sydney/mcdonalds-3-wyong;null Could not parse lat and lng from 


tandoori-flames-wyong;https://www.zomato.com/sydney/tandoori-flames-wyong;null Could not parse lat and lng from 


the-elanora-hotel-east-gosford;https://www.zomato.com/sydney/the-elanora-hotel-east-gosford;null Could not parse lat and lng from 


arabian-lounge-the-entrance;https://www.zomato.com/sydney/arabian-lounge-the-entrance;null Could not parse lat and lng from 


pizza-hut-umina-1-umina-beach;https://www.zomato.com/sydney/pizza-hut-umina-1-umina-beach;null Could not parse lat and lng from 


six-strings-brewery-holgate;https://www.zomato.com/sydney/six-strings-brewery-holgate;null Could not parse lat and lng from 


son-of-a-bean-1-gosford;https://www.zomato.com/sydney/son-of-a-bean-1-gosford;null Could not parse lat and lng from 


terrigal-beach-fish-chips-co-terrigal;https://www.zomato.com/sydney/terrigal-beach-fish-chips-co-terrigal;null Could not parse lat and lng from 


linton-gardens-somersby;https://www.zomato.com/sydney/linton-gardens-somersby;null Could not parse lat and lng from 


noble-thai-restaurant-toukley;https://www.zomato.com/sydney/noble-thai-restaurant-toukley;null Could not parse lat and lng from 


grilld-tuggerah-tuggerah;https://www.zomato.com/sydney/grilld-tuggerah-tuggerah;null Could not parse lat and lng from 


pocket-bar-terrigal;https://www.zomato.com/sydney/pocket-bar-terrigal;null Could not parse lat and lng from 


pree-cha-thai-take-away-restaurant-the-entrance;https://www.zomato.com/sydney/pree-cha-thai-take-away-restaurant-the-entrance;null Could not parse lat and lng from 


mumbo-jumbos-beachhouse-terrigal;https://www.zomato.com/sydney/mumbo-jumbos-beachhouse-terrigal;null Could not parse lat and lng from 


gosford-south-thai-take-away-gosford;https://www.zomato.com/sydney/gosford-south-thai-take-away-gosford;null Could not parse lat and lng from 


dominos-pizza-cedar-brush-creek-cedar-brush-creek;https://www.zomato.com/sydney/dominos-pizza-cedar-brush-creek-cedar-brush-creek;null Could not parse lat and lng from 


keto-kafe-erina;https://www.zomato.com/sydney/keto-kafe-erina;null Could not parse lat and lng from 


the-sandbar-cafe-ettalong-beach;https://www.zomato.com/sydney/the-sandbar-cafe-ettalong-beach;null Could not parse lat and lng from 


pordella-italian-restaurant-the-entrance;https://www.zomato.com/sydney/pordella-italian-restaurant-the-entrance;null Could not parse lat and lng from 


garden-2-plate-hardys-bay;https://www.zomato.com/sydney/garden-2-plate-hardys-bay;null Could not parse lat and lng from 


sushi-canape-terrigal;https://www.zomato.com/sydney/sushi-canape-terrigal;null Could not parse lat and lng from 


mermaids-seafood-avoca-beach;https://www.zomato.com/sydney/mermaids-seafood-avoca-beach;null Could not parse lat and lng from 


pizza-hut-wyoming;https://www.zomato.com/sydney/pizza-hut-wyoming;null Could not parse lat and lng from 


belsorriso-italian-restaurant-berkeley-vale;https://www.zomato.com/sydney/belsorriso-italian-restaurant-berkeley-vale;null Could not parse lat and lng from 


fonzirelli-bar-and-restaurant-the-entrance;https://www.zomato.com/sydney/fonzirelli-bar-and-restaurant-the-entrance;null Could not parse lat and lng from 


sapa-wamberal;https://www.zomato.com/sydney/sapa-wamberal;null Could not parse lat and lng from 


dominos-pizza-tumbi-umbi-tumbi-umbi;https://www.zomato.com/sydney/dominos-pizza-tumbi-umbi-tumbi-umbi;null Could not parse lat and lng from 


yarramalong-manor-yarramalong;https://www.zomato.com/sydney/yarramalong-manor-yarramalong;null Could not parse lat and lng from 


lagoon-bistro-the-terrigal-hotel-terrigal;https://www.zomato.com/sydney/lagoon-bistro-the-terrigal-hotel-terrigal;null Could not parse lat and lng from 


kemu-terrigal;https://www.zomato.com/sydney/kemu-terrigal;null Could not parse lat and lng from 


azzuro-blu-wharf-the-entrance;https://www.zomato.com/sydney/azzuro-blu-wharf-the-entrance;null Could not parse lat and lng from 


dominos-pizza-erina-erina;https://www.zomato.com/sydney/dominos-pizza-erina-erina;null Could not parse lat and lng from 


upper-deck-gosford;https://www.zomato.com/sydney/upper-deck-gosford;null Could not parse lat and lng from 


musquins-restaurant-the-entrance;https://www.zomato.com/sydney/musquins-restaurant-the-entrance;null Could not parse lat and lng from 


the-entrance-hotel-bistro-the-entrance;https://www.zomato.com/sydney/the-entrance-hotel-bistro-the-entrance;null Could not parse lat and lng from 


delees-cafe-takeaway-blue-bay;https://www.zomato.com/sydney/delees-cafe-takeaway-blue-bay;null Could not parse lat and lng from 


soul-origin-erina;https://www.zomato.com/sydney/soul-origin-erina;null Could not parse lat and lng from 


short-black-espresso-bar-and-cafe-woy-woy;https://www.zomato.com/sydney/short-black-espresso-bar-and-cafe-woy-woy;null Could not parse lat and lng from 


mc-donalds-wyoming-wyoming;https://www.zomato.com/sydney/mc-donalds-wyoming-wyoming;null Could not parse lat and lng from 


chop-n-grind-1-terrigal;https://www.zomato.com/sydney/chop-n-grind-1-terrigal;null Could not parse lat and lng from 


all-about-taste-wyong;https://www.zomato.com/sydney/all-about-taste-wyong;null Could not parse lat and lng from 


mr-cai-asian-cuisine-east-gosford;https://www.zomato.com/sydney/mr-cai-asian-cuisine-east-gosford;null Could not parse lat and lng from 


jerrys-gourmet-kitchen-cafe-gosford;https://www.zomato.com/sydney/jerrys-gourmet-kitchen-cafe-gosford;null Could not parse lat and lng from 


coco-rice-and-noodle-bar-the-entrance;https://www.zomato.com/sydney/coco-rice-and-noodle-bar-the-entrance;null Could not parse lat and lng from 


red-rooster-lake-haven;https://www.zomato.com/sydney/red-rooster-lake-haven;null Could not parse lat and lng from 


saltwater-seafoods-gosford;https://www.zomato.com/sydney/saltwater-seafoods-gosford;null Could not parse lat and lng from 


caesars-coffee-and-fine-food-erina;https://www.zomato.com/sydney/caesars-coffee-and-fine-food-erina;null Could not parse lat and lng from 


the-duck-inn-bar-peats-ridge;https://www.zomato.com/sydney/the-duck-inn-bar-peats-ridge;null Could not parse lat and lng from 


rubys-cafe-books-umina-beach;https://www.zomato.com/sydney/rubys-cafe-books-umina-beach;null Could not parse lat and lng from 


skillion-brasserie-@-breakers-country-club-terrigal;https://www.zomato.com/sydney/skillion-brasserie-@-breakers-country-club-terrigal;null Could not parse lat and lng from 


white-fire-the-entrance;https://www.zomato.com/sydney/white-fire-the-entrance;null Could not parse lat and lng from 


wisemans-ferry-bowling-club-gosford;https://www.zomato.com/sydney/wisemans-ferry-bowling-club-gosford;null Could not parse lat and lng from 


sunsets-bistro-avoca-beach-surf-life-saving-club-avoca-beach;https://www.zomato.com/sydney/sunsets-bistro-avoca-beach-surf-life-saving-club-avoca-beach;null Could not parse lat and lng from 


island-time-terrigal;https://www.zomato.com/sydney/island-time-terrigal;null Could not parse lat and lng from 


hungry-wolves-pizza-kincumber;https://www.zomato.com/sydney/hungry-wolves-pizza-kincumber;null Could not parse lat and lng from 


terrace-grill-terrigal;https://www.zomato.com/sydney/terrace-grill-terrigal;null Could not parse lat and lng from 


the-bay-view-hotel-woy-woy;https://www.zomato.com/sydney/the-bay-view-hotel-woy-woy;null Could not parse lat and lng from 


jamaica-blue-erina;https://www.zomato.com/sydney/jamaica-blue-erina;null Could not parse lat and lng from 


bakers-delight-gorokan;https://www.zomato.com/sydney/bakers-delight-gorokan;null Could not parse lat and lng from 


mcdonalds-tumbi-umbi;https://www.zomato.com/sydney/mcdonalds-tumbi-umbi;null Could not parse lat and lng from 


los-dos-hombres-the-entrance;https://www.zomato.com/sydney/los-dos-hombres-the-entrance;null Could not parse lat and lng from 


chips-@-the-jetty-long-jetty;https://www.zomato.com/sydney/chips-@-the-jetty-long-jetty;null Could not parse lat and lng from 


ali-noor-curry-kebab-umina-beach;https://www.zomato.com/sydney/ali-noor-curry-kebab-umina-beach;null Could not parse lat and lng from 


rajdhani-indian-avoca-beach-avoca-beach;https://www.zomato.com/sydney/rajdhani-indian-avoca-beach-avoca-beach;null Could not parse lat and lng from 


gandhi-indian-restaurant-ettalong-beach;https://www.zomato.com/sydney/gandhi-indian-restaurant-ettalong-beach;null Could not parse lat and lng from 


boulivarde-burgers-woy-woy;https://www.zomato.com/sydney/boulivarde-burgers-woy-woy;null Could not parse lat and lng from 


feeding-frenzy-cafe-kurrajong;https://www.zomato.com/sydney/feeding-frenzy-cafe-kurrajong;null Could not parse lat and lng from 


mcdonalds-bateau-bay;https://www.zomato.com/sydney/mcdonalds-bateau-bay;null Could not parse lat and lng from 


dominos-pizza-the-entrance-the-entrance;https://www.zomato.com/sydney/dominos-pizza-the-entrance-the-entrance;null Could not parse lat and lng from 


archibald-hotel-kurrajong-heights;https://www.zomato.com/sydney/archibald-hotel-kurrajong-heights;null Could not parse lat and lng from 


rolld-erina;https://www.zomato.com/sydney/rolld-erina;null Could not parse lat and lng from 


spiceaffair-the-entrance;https://www.zomato.com/sydney/spiceaffair-the-entrance;null Could not parse lat and lng from 


avoca-surf-house-avoca-beach;https://www.zomato.com/sydney/avoca-surf-house-avoca-beach;null Could not parse lat and lng from 


mcdonalds-2-wyong;https://www.zomato.com/sydney/mcdonalds-2-wyong;null Could not parse lat and lng from 


kurrajong-indian-kurrajong;https://www.zomato.com/sydney/kurrajong-indian-kurrajong;null Could not parse lat and lng from 


green-indian-restaurant-east-gosford;https://www.zomato.com/sydney/green-indian-restaurant-east-gosford;null Could not parse lat and lng from 


hq-cafe-bar-terrigal;https://www.zomato.com/sydney/hq-cafe-bar-terrigal;null Could not parse lat and lng from 


dominos-pizza-woy-woy-woy-woy;https://www.zomato.com/sydney/dominos-pizza-woy-woy-woy-woy;null Could not parse lat and lng from 


shahi-mahal-the-entrance;https://www.zomato.com/sydney/shahi-mahal-the-entrance;null Could not parse lat and lng from 


pizza-hut-wyong;https://www.zomato.com/sydney/pizza-hut-wyong;null Could not parse lat and lng from 


the-old-bank-cafe-restaurant-the-entrance;https://www.zomato.com/sydney/the-old-bank-cafe-restaurant-the-entrance;null Could not parse lat and lng from 


jbs-in-the-jetty-long-jetty;https://www.zomato.com/sydney/jbs-in-the-jetty-long-jetty;null Could not parse lat and lng from 


bistro-long-jetty-hotel-long-jetty;https://www.zomato.com/sydney/bistro-long-jetty-hotel-long-jetty;null Could not parse lat and lng from 


dominos-pizza-kincumber-kincumber;https://www.zomato.com/sydney/dominos-pizza-kincumber-kincumber;null Could not parse lat and lng from 


toast-co-the-entrance;https://www.zomato.com/sydney/toast-co-the-entrance;null Could not parse lat and lng from 


the-bavarian-tuggerah-tuggerah;https://www.zomato.com/sydney/the-bavarian-tuggerah-tuggerah;null Could not parse lat and lng from 


bakers-delight-wyong;https://www.zomato.com/sydney/bakers-delight-wyong;null Could not parse lat and lng from 


treetops-restaurant-avoca-beach;https://www.zomato.com/sydney/treetops-restaurant-avoca-beach;null Could not parse lat and lng from 


golden-leaves-chinese-restraunt-bateau-bay;https://www.zomato.com/sydney/golden-leaves-chinese-restraunt-bateau-bay;null Could not parse lat and lng from 


jamaica-blue-tuggerah;https://www.zomato.com/sydney/jamaica-blue-tuggerah;null Could not parse lat and lng from 


bakers-delight-1-bateau-bay;https://www.zomato.com/sydney/bakers-delight-1-bateau-bay;null Could not parse lat and lng from 


bodyfuel-cafe-gosford;https://www.zomato.com/sydney/bodyfuel-cafe-gosford;null Could not parse lat and lng from 


poppys-pretzels-tuggerah;https://www.zomato.com/sydney/poppys-pretzels-tuggerah;null Could not parse lat and lng from 


dominos-tuggerah;https://www.zomato.com/sydney/dominos-tuggerah;null Could not parse lat and lng from 


cafe-ninas-gosford;https://www.zomato.com/sydney/cafe-ninas-gosford;null Could not parse lat and lng from 


leaning-tower-of-pizza-long-jetty;https://www.zomato.com/sydney/leaning-tower-of-pizza-long-jetty;null Could not parse lat and lng from 


mcdonalds-tuggerah;https://www.zomato.com/sydney/mcdonalds-tuggerah;null Could not parse lat and lng from 


the-coffee-club-bateau-bay-bateau-bay;https://www.zomato.com/sydney/the-coffee-club-bateau-bay-bateau-bay;null Could not parse lat and lng from 


blockn-tackle-brewery-kincumber;https://www.zomato.com/sydney/blockn-tackle-brewery-kincumber;null Could not parse lat and lng from 


copa-bar-taqueria-tuggerah;https://www.zomato.com/sydney/copa-bar-taqueria-tuggerah;null Could not parse lat and lng from 


bakers-delight-tuggerah;https://www.zomato.com/sydney/bakers-delight-tuggerah;null Could not parse lat and lng from 


oporto-tuggerah;https://www.zomato.com/sydney/oporto-tuggerah;null Could not parse lat and lng from 


red-rooster-tuggerah;https://www.zomato.com/sydney/red-rooster-tuggerah;null Could not parse lat and lng from 


bakers-delight-tuggerah;https://www.zomato.com/sydney/bakers-delight-tuggerah;null Could not parse lat and lng from 


oporto-tuggerah;https://www.zomato.com/sydney/oporto-tuggerah;null Could not parse lat and lng from 


red-rooster-tuggerah;https://www.zomato.com/sydney/red-rooster-tuggerah;null Could not parse lat and lng from 


indiana-raj-the-entrance-the-entrance;https://www.zomato.com/sydney/indiana-raj-the-entrance-the-entrance;null Could not parse lat and lng from 


soul-cake-ettalong-beach;https://www.zomato.com/sydney/soul-cake-ettalong-beach;null Could not parse lat and lng from 


flame-tree-umina-beach;https://www.zomato.com/sydney/flame-tree-umina-beach;null Could not parse lat and lng from 


xanadu-terrigal-terrigal;https://www.zomato.com/sydney/xanadu-terrigal-terrigal;null Could not parse lat and lng from 


bakers-delight-bateau-bay;https://www.zomato.com/sydney/bakers-delight-bateau-bay;null Could not parse lat and lng from 


mesa-by-ministry-east-gosford;https://www.zomato.com/sydney/mesa-by-ministry-east-gosford;null Could not parse lat and lng from 


pizza-hut-bateau-bay;https://www.zomato.com/sydney/pizza-hut-bateau-bay;null Could not parse lat and lng from 


crust-terrigal;https://www.zomato.com/sydney/crust-terrigal;null Could not parse lat and lng from 


hogs-australias-steakhouse-1-terrigal;https://www.zomato.com/sydney/hogs-australias-steakhouse-1-terrigal;null Could not parse lat and lng from 


cha-chas-chinese-restaurant-gosford;https://www.zomato.com/sydney/cha-chas-chinese-restaurant-gosford;null Could not parse lat and lng from 


the-scarlett-table-ettalong-beach;https://www.zomato.com/sydney/the-scarlett-table-ettalong-beach;null Could not parse lat and lng from 


bakers-delight-lisarow;https://www.zomato.com/sydney/bakers-delight-lisarow;null Could not parse lat and lng from 


scribbly-gum-café-gosford;https://www.zomato.com/sydney/scribbly-gum-café-gosford;null Could not parse lat and lng from 


the-coffee-emporium-gosford;https://www.zomato.com/sydney/the-coffee-emporium-gosford;null Could not parse lat and lng from 


curry-house-1-gosford;https://www.zomato.com/sydney/curry-house-1-gosford;null Could not parse lat and lng from 


pachamama-hardys-bay;https://www.zomato.com/sydney/pachamama-hardys-bay;null Could not parse lat and lng from 


bangin-burrito-terrigal;https://www.zomato.com/sydney/bangin-burrito-terrigal;null Could not parse lat and lng from 


luminous-brasserie-west-gosford;https://www.zomato.com/sydney/luminous-brasserie-west-gosford;null Could not parse lat and lng from 


alexanders-gosford-gosford;https://www.zomato.com/sydney/alexanders-gosford-gosford;null Could not parse lat and lng from 


oporto-erina;https://www.zomato.com/sydney/oporto-erina;null Could not parse lat and lng from 


jamaica-blue-1-gosford;https://www.zomato.com/sydney/jamaica-blue-1-gosford;null Could not parse lat and lng from 


curry-empire-indian-restaurant-erina;https://www.zomato.com/sydney/curry-empire-indian-restaurant-erina;null Could not parse lat and lng from 


khonkaen-koon-thai-restaurant-umina-beach;https://www.zomato.com/sydney/khonkaen-koon-thai-restaurant-umina-beach;null Could not parse lat and lng from 


breezes-restaurant-terrigal;https://www.zomato.com/sydney/breezes-restaurant-terrigal;null Could not parse lat and lng from 


red-rooster-erina;https://www.zomato.com/sydney/red-rooster-erina;null Could not parse lat and lng from 


eden-cafe-erina;https://www.zomato.com/sydney/eden-cafe-erina;null Could not parse lat and lng from 


mcdonalds-erina;https://www.zomato.com/sydney/mcdonalds-erina;null Could not parse lat and lng from 


mcdonalds-1-gosford;https://www.zomato.com/sydney/mcdonalds-1-gosford;null Could not parse lat and lng from 


the-boathouse-hotel-patonga-umina-beach;https://www.zomato.com/sydney/the-boathouse-hotel-patonga-umina-beach;null Could not parse lat and lng from 


bakers-delight-wyoming;https://www.zomato.com/sydney/bakers-delight-wyoming;null Could not parse lat and lng from 


bakers-delight-1-erina;https://www.zomato.com/sydney/bakers-delight-1-erina;null Could not parse lat and lng from 


vishals-indian-restaurant-east-gosford;https://www.zomato.com/sydney/vishals-indian-restaurant-east-gosford;null Could not parse lat and lng from 


mcdonalds-gosford;https://www.zomato.com/sydney/mcdonalds-gosford;null Could not parse lat and lng from 


bakers-delight-gosford;https://www.zomato.com/sydney/bakers-delight-gosford;null Could not parse lat and lng from 


mcdonalds-kincumber;https://www.zomato.com/sydney/mcdonalds-kincumber;null Could not parse lat and lng from 


crust-east-gosford;https://www.zomato.com/sydney/crust-east-gosford;null Could not parse lat and lng from 


coffee-guru-kincumber-kincumber;https://www.zomato.com/sydney/coffee-guru-kincumber-kincumber;null Could not parse lat and lng from 


young-barons-woy-woy;https://www.zomato.com/sydney/young-barons-woy-woy;null Could not parse lat and lng from 


khonkaen-koon-thai-restaurant-point-clare;https://www.zomato.com/sydney/khonkaen-koon-thai-restaurant-point-clare;null Could not parse lat and lng from 


spices-29-goan-indian-restaurant-woy-woy;https://www.zomato.com/sydney/spices-29-goan-indian-restaurant-woy-woy;null Could not parse lat and lng from 


mcdonalds-umina-beach;https://www.zomato.com/sydney/mcdonalds-umina-beach;null Could not parse lat and lng from 


mcdonalds-woy-woy;https://www.zomato.com/sydney/mcdonalds-woy-woy;null Could not parse lat and lng from 


bakers-delight-umina;https://www.zomato.com/sydney/bakers-delight-umina;null Could not parse lat and lng from 


half-tide-brasserie-ettalong-beach;https://www.zomato.com/sydney/half-tide-brasserie-ettalong-beach;null Could not parse lat and lng from 


bakers-delight-woy-woy;https://www.zomato.com/sydney/bakers-delight-woy-woy;null Could not parse lat and lng from 


