opera-bar-cbd;https://www.zomato.com/sydney/opera-bar-cbd;java.lang.ArrayIndexOutOfBoundsException: -1 Could not parse address: Lower Concourse Level, Sydney Opera House, CBD, Sydney CBD NSW


chatkazz-indian-restaurant-harris-park;https://www.zomato.com/sydney/chatkazz-indian-restaurant-harris-park;java.lang.ArrayIndexOutOfBoundsException: -1 Could not parse address: Shop 4, 14-20 Station Street East, Harris Park, Sydney Harris Park


barewitness;https://www.zomato.com/sydney/barewitness;null Could not parse lat and lng from 


the-boathouse-palm-beach-palm-beach;https://www.zomato.com/sydney/the-boathouse-palm-beach-palm-beach;java.lang.ArrayIndexOutOfBoundsException: -1 Could not parse address: Governor Phillip Park, Barrenjoey Beach, Palm Beach, Sydney Palm Beach NSW


baia-the-italian-darling-harbour;https://www.zomato.com/sydney/baia-the-italian-darling-harbour;java.lang.ArrayIndexOutOfBoundsException: -1 Could not parse address: Shop 114, Cockle Bay Wharf, Darling Harbour, Sydney Darling Harbour NSW


cooh-alexandria;https://www.zomato.com/sydney/cooh-alexandria;java.lang.Exception: Response had errors Toaster request failed


opera-kitchen-cbd;https://www.zomato.com/sydney/opera-kitchen-cbd;java.lang.ArrayIndexOutOfBoundsException: -1 Could not parse address: Lower Concourse Level, Sydney Opera House, CBD, Sydney CBD NSW


blaq-piq-cbd;https://www.zomato.com/sydney/blaq-piq-cbd;java.lang.ArrayIndexOutOfBoundsException: 1 Could not parse address: 11 Alberta Street


mentmore-morley-rosebery;https://www.zomato.com/sydney/mentmore-morley-rosebery;java.lang.Exception: Response had errors Toaster request failed


basket-brothers-cbd;https://www.zomato.com/sydney/basket-brothers-cbd;java.lang.ArrayIndexOutOfBoundsException: 1 Could not parse address: 75 Wentworth Ave


the-elevation-cafe-parramatta;https://www.zomato.com/sydney/the-elevation-cafe-parramatta;java.lang.ArrayIndexOutOfBoundsException: -1 Could not parse address: Shop 5, 302 Church Street (enter via Phillip Street), Parramatta, Sydney Parramatta


the-pantry-manly-manly;https://www.zomato.com/sydney/the-pantry-manly-manly;java.lang.ArrayIndexOutOfBoundsException: -1 Could not parse address: 41 Ocean Promenade, North Steyne, Manly, Sydney Manly NSW


panama-house-bondi-beach;https://www.zomato.com/sydney/panama-house-bondi-beach;java.lang.Exception: Response had errors Toaster request failed


city-extra-circular-quay;https://www.zomato.com/sydney/city-extra-circular-quay;java.lang.ArrayIndexOutOfBoundsException: -1 Could not parse address: Shop E4, East Podium, Circular Quay, Sydney Circular Quay NSW


the-grounds-keeper-cafe-ryde;https://www.zomato.com/sydney/the-grounds-keeper-cafe-ryde;java.lang.ArrayIndexOutOfBoundsException: -1 Could not parse address: Ryde park, 30 Argyle avenue, Ryde, Sydney Ryde NSW


theflynn;https://www.zomato.com/sydney/theflynn;null Could not parse lat and lng from 


sea-change-cafe-dee-why;https://www.zomato.com/sydney/sea-change-cafe-dee-why;java.lang.ArrayIndexOutOfBoundsException: -1 Could not parse address: Shop 3, 20 The Strand, Dee Why, Sydney Dee Why


bake-bar-double-bay;https://www.zomato.com/sydney/bake-bar-double-bay;java.lang.ArrayIndexOutOfBoundsException: -1 Could not parse address: L/15 Kiaora Ln


zimzala-cronulla;https://www.zomato.com/sydney/zimzala-cronulla;java.lang.ArrayIndexOutOfBoundsException: -1 Could not parse address: The Esplanade, Cronulla, Cronulla, Sydney Cronulla


short-black-penshurst;https://www.zomato.com/sydney/short-black-penshurst;java.lang.ArrayIndexOutOfBoundsException: -1 Could not parse address: 50 Penshurst Street Penshurst


zeus-street-greek-glebe;https://www.zomato.com/sydney/zeus-street-greek-glebe;java.lang.ArrayIndexOutOfBoundsException: -1 Could not parse address: Level 2, Broadway Shopping Centre, Glebe, Sydney Glebe


edmonds-greer-oatley;https://www.zomato.com/sydney/edmonds-greer-oatley;java.lang.ArrayIndexOutOfBoundsException: 1 Could not parse address: 97 Mulga Road


eat-art-truck-food-truck;https://www.zomato.com/sydney/eat-art-truck-food-truck;null Could not parse lat and lng from 


goblin-summer-hill;https://www.zomato.com/sydney/goblin-summer-hill;java.lang.ArrayIndexOutOfBoundsException: 1 Could not parse address: 6 Sloane Street


paesanella-food-emporium-marrickville;https://www.zomato.com/sydney/paesanella-food-emporium-marrickville;java.lang.ArrayIndexOutOfBoundsException: -1 Could not parse address: 150-152 Marrickville Road Marrickville


zanyas-cafe-kingsgrove;https://www.zomato.com/sydney/zanyas-cafe-kingsgrove;java.lang.ArrayIndexOutOfBoundsException: -1 Could not parse address: Shop 1, 333 Stoney Creek Road Kingsgrove, New South Wales, Sydney Kingsgrove


decolata-cafe-summer-hill;https://www.zomato.com/sydney/decolata-cafe-summer-hill;java.lang.ArrayIndexOutOfBoundsException: 1 Could not parse address: 134 Smith Street


dolcettini-dural;https://www.zomato.com/sydney/dolcettini-dural;java.lang.ArrayIndexOutOfBoundsException: -1 Could not parse address: Unit 10, 829 Old Northern Road (Turn in Quarry Road), Dural, Sydney Dural NSW


465-the-avenue-chatswood;https://www.zomato.com/sydney/465-the-avenue-chatswood;java.lang.Exception: Response had errors Toaster request failed


the-north-spoon-mcmahons-point;https://www.zomato.com/sydney/the-north-spoon-mcmahons-point;java.lang.ArrayIndexOutOfBoundsException: 1 Could not parse address: 165 Blues Point Road


drake-eatery-bondi-beach;https://www.zomato.com/sydney/drake-eatery-bondi-beach;java.lang.Exception: Response had errors Toaster request failed


sienna-marina-brasserie-woolloomooloo;https://www.zomato.com/sydney/sienna-marina-brasserie-woolloomooloo;java.lang.ArrayIndexOutOfBoundsException: -1 Could not parse address: Shop 6, 7-14 Cowper Wharf Road Wooloomooloo, Woolloomooloo, Sydney Woolloomooloo NSW


jewel-on-the-bay-rose-bay;https://www.zomato.com/sydney/jewel-on-the-bay-rose-bay;java.lang.ArrayIndexOutOfBoundsException: 1 Could not parse address: 639 New South Head Road


ketchupcanteen;https://www.zomato.com/sydney/ketchupcanteen;null Could not parse lat and lng from 


paper-cup-stanmore;https://www.zomato.com/sydney/paper-cup-stanmore;java.lang.ArrayIndexOutOfBoundsException: 1 Could not parse address: 157/161 Cambridge Street


point-99-macquarie-park;https://www.zomato.com/sydney/point-99-macquarie-park;java.lang.ArrayIndexOutOfBoundsException: -1 Could not parse address: Level 3 Upper, Macquarie Shopping Centre, Macquarie Park, Sydney Macquarie Park


district-brasserie-cbd;https://www.zomato.com/sydney/district-brasserie-cbd;java.lang.ArrayIndexOutOfBoundsException: -1 Could not parse address: Lower Ground Floor, 2 Chifley Square, CBD, Sydney CBD NSW


brewing-now-kingsford;https://www.zomato.com/sydney/brewing-now-kingsford;java.lang.ArrayIndexOutOfBoundsException: 1 Could not parse address: Shop 1/343 Anzac Parade


mascot-charcoal-chickens-mascot;https://www.zomato.com/sydney/mascot-charcoal-chickens-mascot;java.lang.ArrayIndexOutOfBoundsException: 1 Could not parse address: 1173 Botany Road


heritage-coffee-brewers-summer-hill;https://www.zomato.com/sydney/heritage-coffee-brewers-summer-hill;java.lang.ArrayIndexOutOfBoundsException: 1 Could not parse address: 1A Lackey Street


veloce-espresso-mascot;https://www.zomato.com/sydney/veloce-espresso-mascot;java.lang.ArrayIndexOutOfBoundsException: -1 Could not parse address: Near Gate 49, T2 Sydney Domestic Airport (After Security), Sydney Airport, Sydney NSW


lemon-tree-cafe-newington;https://www.zomato.com/sydney/lemon-tree-cafe-newington;java.lang.ArrayIndexOutOfBoundsException: -1 Could not parse address: Shop 2, Newington Marketplace, 1 Avenue Of Europe, Newington, Sydney Newington NSW


dahlias-cafè-campbelltown;https://www.zomato.com/sydney/dahlias-cafè-campbelltown;java.lang.Exception: Response had errors Toaster request failed


courtyard-camperdown;https://www.zomato.com/sydney/courtyard-camperdown;java.lang.ArrayIndexOutOfBoundsException: -1 Could not parse address: Ground Floor, Holme Building, University Of Sydney, Camperdown, Sydney Camperdown NSW


pennylanebarcafe;https://www.zomato.com/sydney/pennylanebarcafe;null Could not parse lat and lng from 


quell-cafe-macquarie-park;https://www.zomato.com/sydney/quell-cafe-macquarie-park;java.lang.ArrayIndexOutOfBoundsException: -1 Could not parse address: Shop 150, Level 3, Macquarie Shopping Centre, Macquarie Park, Sydney Macquarie Park NSW


the-bean-brewers-chippendale;https://www.zomato.com/sydney/the-bean-brewers-chippendale;java.lang.ArrayIndexOutOfBoundsException: 1 Could not parse address: 1/96 Abercrombie Street


nicks-caf-darling-harbour;https://www.zomato.com/sydney/nicks-caf-darling-harbour;java.lang.ArrayIndexOutOfBoundsException: -1 Could not parse address: 103 The Promenade, Cockle Bay Wharf, Darling Harbour, Sydney Darling Harbour NSW


banh-cuon-kim-thanh-bankstown;https://www.zomato.com/sydney/banh-cuon-kim-thanh-bankstown;java.lang.ArrayIndexOutOfBoundsException: -1 Could not parse address: Shop 7, 313 Chapel Road South, Bankstown, Sydney Bankstown


cafe-41-penshurst;https://www.zomato.com/sydney/cafe-41-penshurst;java.lang.ArrayIndexOutOfBoundsException: -1 Could not parse address: 41 Penshurst Street Penshurst


thebaldfacedstag;https://www.zomato.com/sydney/thebaldfacedstag;null Could not parse lat and lng from 


silk-cafe-restaurant-cbd;https://www.zomato.com/sydney/silk-cafe-restaurant-cbd;java.lang.ArrayIndexOutOfBoundsException: -1 Could not parse address: Shop 18, World Square, 123 Liverpool Street. CBD, Sydney CBD


jah-bar-dee-why;https://www.zomato.com/sydney/jah-bar-dee-why;java.lang.ArrayIndexOutOfBoundsException: -1 Could not parse address: Shop 1, 23 The Strand, Dee Why, Sydney Dee Why NSW


kitchen-by-mike-mascot;https://www.zomato.com/sydney/kitchen-by-mike-mascot;java.lang.ArrayIndexOutOfBoundsException: -1 Could not parse address: T1 International Departures, near Gate 30, Sydney Airport, Sydney NSW


windows-coffee-bankstown;https://www.zomato.com/sydney/windows-coffee-bankstown;java.lang.ArrayIndexOutOfBoundsException: -1 Could not parse address: Shop 12, 256 Chapel Road South, Bankstown, Sydney Bankstown


chicken-confidential-mascot;https://www.zomato.com/sydney/chicken-confidential-mascot;java.lang.Exception: Response had errors Toaster request failed


sourdough-bakery-hornsby;https://www.zomato.com/sydney/sourdough-bakery-hornsby;java.lang.ArrayIndexOutOfBoundsException: -1 Could not parse address: Westfield Hornsby, 2/236 Pacific Hwy, Hornsby NSW 2077, Hornsby Hornsby


slashed-burger-woolloomooloo;https://www.zomato.com/sydney/slashed-burger-woolloomooloo;java.lang.ArrayIndexOutOfBoundsException: -1 Could not parse address: Shop 2, 57 Cowper Wharf Roadway, Woolloomooloo, Sydney Woolloomooloo


albion-lane-cafe-mosman;https://www.zomato.com/sydney/albion-lane-cafe-mosman;java.lang.ArrayIndexOutOfBoundsException: -1 Could not parse address: Shop 2, 643-645 Military Road (via Albion Lane), Mosman, Sydney Mosman


sea-bar-dee-why;https://www.zomato.com/sydney/sea-bar-dee-why;java.lang.ArrayIndexOutOfBoundsException: -1 Could not parse address: Shop 2, 20 The Strand, Dee Why, Sydney Dee Why


parma-cucina-and-bar-darlington;https://www.zomato.com/sydney/parma-cucina-and-bar-darlington;java.lang.ArrayIndexOutOfBoundsException: -1 Could not parse address: Level 2, Jane Foss Russell Building, Darlington, Sydney Darlington NSW


huxtons-at-bronte-bronte;https://www.zomato.com/sydney/huxtons-at-bronte-bronte;null Could not parse lat and lng from 


gordons-cafe-clovelly;https://www.zomato.com/sydney/gordons-cafe-clovelly;null Could not parse lat and lng from 


the-shack-monterey;https://www.zomato.com/sydney/the-shack-monterey;null Could not parse lat and lng from 


cafe-harris-ultimo;https://www.zomato.com/sydney/cafe-harris-ultimo;java.lang.ArrayIndexOutOfBoundsException: -1 Could not parse address: 456 Harris Street. Pirrama Park Cafe Ultimo Ultimo NSW


ole-enmore;https://www.zomato.com/sydney/ole-enmore;null Could not parse lat and lng from 


meze-me-grove-annangrove;https://www.zomato.com/sydney/meze-me-grove-annangrove;null Could not parse lat and lng from 


boronia-kitchen-gladesville;https://www.zomato.com/sydney/boronia-kitchen-gladesville;java.lang.ArrayIndexOutOfBoundsException: -1 Could not parse address: 152 Pittwater Road NSW


village-on-cloey-clovelly;https://www.zomato.com/sydney/village-on-cloey-clovelly;null Could not parse lat and lng from 


fiesta-filipino-blacktown;https://www.zomato.com/sydney/fiesta-filipino-blacktown;null Could not parse lat and lng from 


fritto-espresso-strathfield;https://www.zomato.com/sydney/fritto-espresso-strathfield;null Could not parse lat and lng from 


bread-beans-matraville;https://www.zomato.com/sydney/bread-beans-matraville;java.lang.ArrayIndexOutOfBoundsException: 1 Could not parse address: 495-503 Bunnerong Road


sirocco-restaurant-and-bar-holiday-inn-potts-point-potts-point;https://www.zomato.com/sydney/sirocco-restaurant-and-bar-holiday-inn-potts-point-potts-point;java.lang.ArrayIndexOutOfBoundsException: -1 Could not parse address: Holiday Inn, 203-225 Victoria Street Potts Point, Potts Point, Sydney Potts Point NSW


bitter-twisted-millers-point;https://www.zomato.com/sydney/bitter-twisted-millers-point;java.lang.ArrayIndexOutOfBoundsException: -1 Could not parse address: 9 Towns Place (Corner of Towns Place and Hickson Road), Walsh Bay, Millers Point, Sydney Millers Point NSW


pane-e-cipolla-lilyfield;https://www.zomato.com/sydney/pane-e-cipolla-lilyfield;null Could not parse lat and lng from 


ella-blues-by-chinta-ria-1-cbd;https://www.zomato.com/sydney/ella-blues-by-chinta-ria-1-cbd;java.lang.ArrayIndexOutOfBoundsException: -1 Could not parse address: L1-F2, 2 Chifley Square, CBD, Sydney CBD NSW


peroni-bar-mascot;https://www.zomato.com/sydney/peroni-bar-mascot;java.lang.ArrayIndexOutOfBoundsException: -1 Could not parse address: T1 International Departures, Pier C near Gate 56, Sydney Airport, Sydney


shingle-inn-bankstown;https://www.zomato.com/sydney/shingle-inn-bankstown;java.lang.ArrayIndexOutOfBoundsException: -1 Could not parse address: Level 2, Bankstown Central, Stacey Street & North Terrace, Bankstown, Sydney Bankstown


blends-and-brothers-kellyville;https://www.zomato.com/sydney/blends-and-brothers-kellyville;java.lang.ArrayIndexOutOfBoundsException: -1 Could not parse address: Shop G072, Rouse Hill Town Centre, Rouse Hill, Sydney NSW


dolce-espresso-oatley;https://www.zomato.com/sydney/dolce-espresso-oatley;java.lang.ArrayIndexOutOfBoundsException: 1 Could not parse address: 18 Letitia Street


cafe-mckels-bella-vista;https://www.zomato.com/sydney/cafe-mckels-bella-vista;java.lang.ArrayIndexOutOfBoundsException: -1 Could not parse address: Shop 14, Circa Retail Shopping Centre, 1 Circa Boulevarde, Bella Vista, Sydney Bella Vista NSW


one-2-one-cafe-oatley;https://www.zomato.com/sydney/one-2-one-cafe-oatley;java.lang.ArrayIndexOutOfBoundsException: 1 Could not parse address: 121 Mulga Road


brick-lane-espresso-west-pymble;https://www.zomato.com/sydney/brick-lane-espresso-west-pymble;java.lang.ArrayIndexOutOfBoundsException: -1 Could not parse address: Shop 21, Philip Mall, West Pymble, Sydney West Pymble


wollstonecraft-cafe-wollstonecraft;https://www.zomato.com/sydney/wollstonecraft-cafe-wollstonecraft;java.lang.ArrayIndexOutOfBoundsException: -1 Could not parse address: Shop 2, Wollstonecraft Station, Wollstonecraft, Sydney Wollstonecraft NSW


village-gourmet-chickens-carvery-summer-hill;https://www.zomato.com/sydney/village-gourmet-chickens-carvery-summer-hill;java.lang.ArrayIndexOutOfBoundsException: 1 Could not parse address: 22 Lackey Street


house-of-pie-matraville;https://www.zomato.com/sydney/house-of-pie-matraville;java.lang.ArrayIndexOutOfBoundsException: 1 Could not parse address: 540-542 Bunnerong Road


ground-caffe-lane-cove-lane-cove;https://www.zomato.com/sydney/ground-caffe-lane-cove-lane-cove;java.lang.ArrayIndexOutOfBoundsException: -1 Could not parse address: Shop 14, Lane Cove Market Square, 24-28 Burns Bay Road (Next to Lane Cove Library), Lane Cove, Sydney Lane Cove


on-point-wentworth-point;https://www.zomato.com/sydney/on-point-wentworth-point;java.lang.ArrayIndexOutOfBoundsException: -1 Could not parse address: The Piazza, 21 Bennelong Parkway, Wentworth Point, Sydney Olympic Park, Sydney Wentworth Point


yiroyio-yiro-mount-druitt;https://www.zomato.com/sydney/yiroyio-yiro-mount-druitt;java.lang.ArrayIndexOutOfBoundsException: -1 Could not parse address: Shop 129-130, Westfield Mount Druitt, Mount Druitt, Sydney Mount Druitt NSW


tandoori-dhaba-petersham;https://www.zomato.com/sydney/tandoori-dhaba-petersham;java.lang.ArrayIndexOutOfBoundsException: 1 Could not parse address: 65 New Canterbury Road


aces-seafood-ermington;https://www.zomato.com/sydney/aces-seafood-ermington;java.lang.ArrayIndexOutOfBoundsException: -1 Could not parse address: Shop 1, 2 Betty Cuthbert Avenue Ermington, Ermington, Sydney Ermington


nook-bondi-junction;https://www.zomato.com/sydney/nook-bondi-junction;java.lang.ArrayIndexOutOfBoundsException: -1 Could not parse address: Shop 12, Royal Arcade, 175-181 Oxford Street (Enter via Spring Street), Bondi Junction, Sydney Bondi Junction NSW


cafe-bosa-canley-vale;https://www.zomato.com/sydney/cafe-bosa-canley-vale;java.lang.ArrayIndexOutOfBoundsException: -1 Could not parse address: 3/12-18 Canley Vale Road Canley Vale Canley Vale


sappho-books-cafe-1-glebe;https://www.zomato.com/sydney/sappho-books-cafe-1-glebe;java.lang.ArrayIndexOutOfBoundsException: -1 Could not parse address: 51 Glebe Point Rd Glebe


5th-season-cafe-cronulla;https://www.zomato.com/sydney/5th-season-cafe-cronulla;java.lang.ArrayIndexOutOfBoundsException: -1 Could not parse address: Kiosk 2, Cronulla Mall, Cronulla, Sydney Cronulla


dj-restaurant-vietnamese-pho-ingleburn;https://www.zomato.com/sydney/dj-restaurant-vietnamese-pho-ingleburn;java.lang.ArrayIndexOutOfBoundsException: -1 Could not parse address: Shop 7/44 Oxford Road Ingleburn NSW 2565 Ingleburn


tilt-forestville;https://www.zomato.com/sydney/tilt-forestville;java.lang.ArrayIndexOutOfBoundsException: -1 Could not parse address: Shop 9, The Centre, Forestville, Sydney Forestville


paulas-cafe-wolli-creek;https://www.zomato.com/sydney/paulas-cafe-wolli-creek;java.lang.ArrayIndexOutOfBoundsException: -1 Could not parse address: Shop 3, 2 Magdalene Terrace, Wolli Creek, Arncliffe, Sydney Wolli Creek NSW


cafe-azzuri-darlington;https://www.zomato.com/sydney/cafe-azzuri-darlington;java.lang.ArrayIndexOutOfBoundsException: -1 Could not parse address: Level 2, Janfoss Russel building, Darlington, Sydney Darlington NSW


eddy-avenue-food-and-coffee-express-haymarket;https://www.zomato.com/sydney/eddy-avenue-food-and-coffee-express-haymarket;java.lang.ArrayIndexOutOfBoundsException: -1 Could not parse address: Shop 7, Eddy Avenue Exit, Central Station, Haymarket, Sydney Haymarket NSW


the-social-room-cafe;https://www.zomato.com/sydney/the-social-room-cafe;null Could not parse lat and lng from 


son-of-a-butcher-wetherill-park;https://www.zomato.com/sydney/son-of-a-butcher-wetherill-park;java.lang.Exception: Response had errors Toaster request failed


nourish-cafe-lorna-jane-active-living-room-mascot;https://www.zomato.com/sydney/nourish-cafe-lorna-jane-active-living-room-mascot;java.lang.ArrayIndexOutOfBoundsException: -1 Could not parse address: Shop 2A, T2 Domestic Terminal, Sydney Airport, Sydney NSW


vic-on-george-cbd;https://www.zomato.com/sydney/vic-on-george-cbd;java.lang.ArrayIndexOutOfBoundsException: -1 Could not parse address: Level 3, Myer Sydney City Store, CBD, Sydney CBD NSW


lidz-caps-and-coffee-newtown;https://www.zomato.com/sydney/lidz-caps-and-coffee-newtown;java.lang.ArrayIndexOutOfBoundsException: -1 Could not parse address: 97 Newtown Road Newtown NSW


classroom-48-manly;https://www.zomato.com/sydney/classroom-48-manly;java.lang.ArrayIndexOutOfBoundsException: -1 Could not parse address: Shop 1, 48 East Esplanade, Manly, Sydney Manly


sakura-on-wheelz-food-truck;https://www.zomato.com/sydney/sakura-on-wheelz-food-truck;null Could not parse lat and lng from 


portico-chicken-penshurst;https://www.zomato.com/sydney/portico-chicken-penshurst;java.lang.ArrayIndexOutOfBoundsException: -1 Could not parse address: 4 Penshurst Street Penshurst


the-papas-table-petersham;https://www.zomato.com/sydney/the-papas-table-petersham;java.lang.ArrayIndexOutOfBoundsException: -1 Could not parse address: 2/552 Parramatta Road Petersham Petersham NSW


yallah-eat-kensington;https://www.zomato.com/sydney/yallah-eat-kensington;java.lang.ArrayIndexOutOfBoundsException: -1 Could not parse address: University Terraces, Gate 2, 17 High Street University of New South Wales, Kensington, Sydney Kensington


cafe-stories-pyrmont;https://www.zomato.com/sydney/cafe-stories-pyrmont;null Could not parse lat and lng from 


le-grove-cafe-warwick-farm;https://www.zomato.com/sydney/le-grove-cafe-warwick-farm;java.lang.ArrayIndexOutOfBoundsException: -1 Could not parse address: 14 Viscount Pl, Warwick Farm, Liverpool, Sydney Warwick Farm


the-diver-cafe-1-coogee;https://www.zomato.com/sydney/the-diver-cafe-1-coogee;java.lang.ArrayIndexOutOfBoundsException: 1 Could not parse address: 250 Arden St


cook-at-kurnell-food-truck;https://www.zomato.com/sydney/cook-at-kurnell-food-truck;null Could not parse lat and lng from 


chatkazz-sweets-namkeen-harris-park;https://www.zomato.com/sydney/chatkazz-sweets-namkeen-harris-park;java.lang.ArrayIndexOutOfBoundsException: -1 Could not parse address: Shop 2, 2 Station Street East, Harris Park, Sydney Harris Park NSW


mrs-cs-cupcakes-penrith;https://www.zomato.com/sydney/mrs-cs-cupcakes-penrith;java.lang.ArrayIndexOutOfBoundsException: -1 Could not parse address: Shop 3, 2-6 Castlereagh, Penrith, Sydney Penrith


oatley-village-pie-shop-oatley;https://www.zomato.com/sydney/oatley-village-pie-shop-oatley;java.lang.ArrayIndexOutOfBoundsException: -1 Could not parse address: 34 Oatley Avenue Oatley


georgie-chels-cafe-oatley;https://www.zomato.com/sydney/georgie-chels-cafe-oatley;java.lang.ArrayIndexOutOfBoundsException: 1 Could not parse address: 7 Frederick Street


the-bistro-by-wolfgang-puck-mascot;https://www.zomato.com/sydney/the-bistro-by-wolfgang-puck-mascot;java.lang.ArrayIndexOutOfBoundsException: -1 Could not parse address: T1 International Departures, near Gate 10, Sydney Airport, Sydney


cafe-japone-randwick;https://www.zomato.com/sydney/cafe-japone-randwick;java.lang.ArrayIndexOutOfBoundsException: -1 Could not parse address: 1 Canberra Street Randwick Nsw 2031 Randwick


ooosh-oregano-bakery-mascot;https://www.zomato.com/sydney/ooosh-oregano-bakery-mascot;java.lang.Exception: Response had errors Toaster request failed


nakhla-bakery-penshurst;https://www.zomato.com/sydney/nakhla-bakery-penshurst;java.lang.ArrayIndexOutOfBoundsException: 1 Could not parse address: 2C Bridge Street


cafe-carmelos-matraville;https://www.zomato.com/sydney/cafe-carmelos-matraville;java.lang.ArrayIndexOutOfBoundsException: 1 Could not parse address: 163 Perry Street


calypso-cafe-juice-bar-matraville;https://www.zomato.com/sydney/calypso-cafe-juice-bar-matraville;java.lang.ArrayIndexOutOfBoundsException: 1 Could not parse address: 521 Bunnerong Road


sushi-in-manly-manly;https://www.zomato.com/sydney/sushi-in-manly-manly;java.lang.ArrayIndexOutOfBoundsException: -1 Could not parse address: Shop 2, 38-40 The Corso, Manly, Sydney Manly NSW


istanville-matraville;https://www.zomato.com/sydney/istanville-matraville;java.lang.ArrayIndexOutOfBoundsException: 1 Could not parse address: 450 Bunnerong Road


the-polymath-specialty-coffee-kitchen-bondi-junction;https://www.zomato.com/sydney/the-polymath-specialty-coffee-kitchen-bondi-junction;java.lang.ArrayIndexOutOfBoundsException: -1 Could not parse address: Level 5, Harbour Room Food Hall Westfields, Bondi Junction, Sydney Bondi Junction NSW


norwest-fresh-seafood-baulkham-hills;https://www.zomato.com/sydney/norwest-fresh-seafood-baulkham-hills;java.lang.ArrayIndexOutOfBoundsException: -1 Could not parse address: Norwest Marketown, 4 Century Circuit, Baulkham Hills, Sydney Baulkham Hills


blackwattle-grill-mascot;https://www.zomato.com/sydney/blackwattle-grill-mascot;java.lang.ArrayIndexOutOfBoundsException: -1 Could not parse address: Rydges Sydney Airport, 8 Arrival Ct, 8 Arrival Ct, Mascot, Sydney, NSW 2020 Mascot NSW


subway-snacks-haymarket;https://www.zomato.com/sydney/subway-snacks-haymarket;java.lang.ArrayIndexOutOfBoundsException: -1 Could not parse address: Exit 7, Railway Square, Central Station, Haymarket, Sydney Haymarket NSW


straits-cafe-sydney-central-haymarket;https://www.zomato.com/sydney/straits-cafe-sydney-central-haymarket;java.lang.ArrayIndexOutOfBoundsException: -1 Could not parse address: Rendezvous Hotel Sydney Central, Corner of George and Quay Streets, Ultimo, Haymarket, Sydney Haymarket


glass-room-espresso-cbd;https://www.zomato.com/sydney/glass-room-espresso-cbd;java.lang.ArrayIndexOutOfBoundsException: -1 Could not parse address: Shop 1, 8 Chifley Square, CBD, Sydney CBD


matraville-hotel-matraville;https://www.zomato.com/sydney/matraville-hotel-matraville;java.lang.ArrayIndexOutOfBoundsException: 1 Could not parse address: Corner Perry Street And Bunnerong Road


san-jose-place-cbd;https://www.zomato.com/sydney/san-jose-place-cbd;java.lang.ArrayIndexOutOfBoundsException: -1 Could not parse address: Shop W43, Level 3, Wynyard Station, Carrington Street Entrance, CBD, Sydney CBD NSW


vietnamese-healthy-rolls-redfern;https://www.zomato.com/sydney/vietnamese-healthy-rolls-redfern;java.lang.ArrayIndexOutOfBoundsException: -1 Could not parse address: 573 Elizabeth Street Sydney, Australia 2037, Redfern, Sydney Redfern NSW


arties-deli-gordon;https://www.zomato.com/sydney/arties-deli-gordon;java.lang.ArrayIndexOutOfBoundsException: -1 Could not parse address: Ground Floor, Gordon Centre, Gordon, Sydney Gordon


the-gardens-2-cbd;https://www.zomato.com/sydney/the-gardens-2-cbd;java.lang.ArrayIndexOutOfBoundsException: -1 Could not parse address: SHOP 24, LEVEL 1, 2 CHIFLEY SQUARE SYDNEY NSW 2000, CBD, Sydney CBD


tam-broken-rice-canley-vale;https://www.zomato.com/sydney/tam-broken-rice-canley-vale;java.lang.ArrayIndexOutOfBoundsException: -1 Could not parse address: 32-34 Canley Vale Road Canley Vale


cafe-lelunar-miranda;https://www.zomato.com/sydney/cafe-lelunar-miranda;java.lang.ArrayIndexOutOfBoundsException: -1 Could not parse address: Level 3, Westfield Miranda, Miranda, Sydney Miranda


the-bread-n-more-bakery-cafe-matraville;https://www.zomato.com/sydney/the-bread-n-more-bakery-cafe-matraville;java.lang.ArrayIndexOutOfBoundsException: 1 Could not parse address: 522 Bunnerong Road


kaffé-coffee-shop-fairfield-heights;https://www.zomato.com/sydney/kaffé-coffee-shop-fairfield-heights;java.lang.ArrayIndexOutOfBoundsException: -1 Could not parse address: 201 The Boulevarde, Fairfield Heights, Sydney, Fairfield, Sydney Fairfield Heights


mothers-delite-bexley-north;https://www.zomato.com/sydney/mothers-delite-bexley-north;java.lang.ArrayIndexOutOfBoundsException: -1 Could not parse address: Shop 14, Sarsfield Circuit, Bexley, Sydney NSW


drip-coffee-traders-collaroy-plateau;https://www.zomato.com/sydney/drip-coffee-traders-collaroy-plateau;java.lang.ArrayIndexOutOfBoundsException: -1 Could not parse address: Shop 5, 20 Aubreen, Collaroy, Sydney


topees-coffee-takeaway-food-blacktown;https://www.zomato.com/sydney/topees-coffee-takeaway-food-blacktown;java.lang.ArrayIndexOutOfBoundsException: -1 Could not parse address: Shop 12, Blacktown Train Station, Blacktown, Sydney Blacktown nsw


panda-express-haymarket;https://www.zomato.com/sydney/panda-express-haymarket;java.lang.ArrayIndexOutOfBoundsException: -1 Could not parse address: Shop 12, Central Station, Eddy Avenue Exit, Haymarket, Sydney Haymarket


le-petit-village-forestville;https://www.zomato.com/sydney/le-petit-village-forestville;java.lang.ArrayIndexOutOfBoundsException: -1 Could not parse address: Shop 65, The Centre, Forestville, Sydney Forestville


thirsty-burger-unibar-round-house-kensington;https://www.zomato.com/sydney/thirsty-burger-unibar-round-house-kensington;java.lang.ArrayIndexOutOfBoundsException: -1 Could not parse address: UNSW, Kensington, Sydney, Sydney Kensington


tjs-coffee-house-penshurst;https://www.zomato.com/sydney/tjs-coffee-house-penshurst;java.lang.ArrayIndexOutOfBoundsException: -1 Could not parse address: 2a Penshurst Street Penshurst


coast-cafe-mascot;https://www.zomato.com/sydney/coast-cafe-mascot;java.lang.ArrayIndexOutOfBoundsException: -1 Could not parse address: T1 International Departures, near Gate 50-63,, Sydney Airport, Sydney NSW


foodoo-coffee-lounge-cbd;https://www.zomato.com/sydney/foodoo-coffee-lounge-cbd;java.lang.ArrayIndexOutOfBoundsException: -1 Could not parse address: Level 5, Myer Sydney City Store, CBD, Sydney CBD NSW


coffee-house-auburn-auburn;https://www.zomato.com/sydney/coffee-house-auburn-auburn;java.lang.ArrayIndexOutOfBoundsException: -1 Could not parse address: Shop 2, Auburn Station, Auburn, Sydney Auburn NSW


espress-grill-darling-harbour;https://www.zomato.com/sydney/espress-grill-darling-harbour;java.lang.ArrayIndexOutOfBoundsException: -1 Could not parse address: Shop FC06, Level 1, Harbourside Shopping Centre, Darling Harbour, Sydney Darling Harbour NSW


steam-tank-coffee-hornsby;https://www.zomato.com/sydney/steam-tank-coffee-hornsby;java.lang.ArrayIndexOutOfBoundsException: -1 Could not parse address: Shop 3, Pedestrian Overbridge, Hornsby Railway Station, Hornsby, Sydney Hornsby


viaggio-espresso-and-bar-mascot;https://www.zomato.com/sydney/viaggio-espresso-and-bar-mascot;java.lang.ArrayIndexOutOfBoundsException: -1 Could not parse address: Near Gate 32, T1 Sydney International Airport (After Customs), Sydney Airport, Sydney NSW


cafe-bacetti-matraville;https://www.zomato.com/sydney/cafe-bacetti-matraville;java.lang.ArrayIndexOutOfBoundsException: 1 Could not parse address: 6/133 Beauchamp Road


divine-burgers-minto;https://www.zomato.com/sydney/divine-burgers-minto;null Could not parse lat and lng from 


xquisito-camperdown;https://www.zomato.com/sydney/xquisito-camperdown;java.lang.ArrayIndexOutOfBoundsException: -1 Could not parse address: Manning House, University Of Sydney, Camperdown, Sydney Camperdown NSW


sushi-gon-bella-vista;https://www.zomato.com/sydney/sushi-gon-bella-vista;java.lang.ArrayIndexOutOfBoundsException: -1 Could not parse address: Circa Retail Shopping Centre, 1 Circa Boulevarde, Bella Vista, Sydney Bella Vista NSW


poveli-deli-cafe-oatley;https://www.zomato.com/sydney/poveli-deli-cafe-oatley;java.lang.ArrayIndexOutOfBoundsException: 1 Could not parse address: 15 Fredrick Street


mr-zhong-bbq-house-bankstown;https://www.zomato.com/sydney/mr-zhong-bbq-house-bankstown;java.lang.ArrayIndexOutOfBoundsException: -1 Could not parse address: Shop 7, 316-324 Chapel Road South, Bankstown, Sydney Bankstown


rowleys-rydges-camperdown-camperdown;https://www.zomato.com/sydney/rowleys-rydges-camperdown-camperdown;java.lang.ArrayIndexOutOfBoundsException: -1 Could not parse address: Rydges Camperdown, 9 Missenden Roadd, Camperdown, Sydney Camperdown Camperdown NSW


classic-kebab-kensington;https://www.zomato.com/sydney/classic-kebab-kensington;java.lang.ArrayIndexOutOfBoundsException: -1 Could not parse address: Upper campus, UNSW, Kensington, Sydney Kensington


biblio-kensington;https://www.zomato.com/sydney/biblio-kensington;java.lang.ArrayIndexOutOfBoundsException: -1 Could not parse address: Upper campus, UNSW, Kensington, Sydney Kensington


logos-cafe-newington-newington;https://www.zomato.com/sydney/logos-cafe-newington-newington;java.lang.ArrayIndexOutOfBoundsException: -1 Could not parse address: B10/1, Avenue of Europe, Newington, Sydney Newington


fairfield-heights-charcoal-chicken-fairfield-heights;https://www.zomato.com/sydney/fairfield-heights-charcoal-chicken-fairfield-heights;java.lang.ArrayIndexOutOfBoundsException: -1 Could not parse address: 259 The Boulevarde, Fairfield Heights, Fairfield, Sydney Fairfield Heights


aroma-food-bankstown;https://www.zomato.com/sydney/aroma-food-bankstown;java.lang.ArrayIndexOutOfBoundsException: -1 Could not parse address: Level 2, Bankstown Central, Bankstown, Sydney Bankstown


saigon-delight-chippendale;https://www.zomato.com/sydney/saigon-delight-chippendale;java.lang.ArrayIndexOutOfBoundsException: -1 Could not parse address: Shop 10, Exit 7 from Central Station, Railway Square, Chippendale, Sydney Chippendale


aussie-goodies-circular-quay;https://www.zomato.com/sydney/aussie-goodies-circular-quay;java.lang.ArrayIndexOutOfBoundsException: -1 Could not parse address: Shop W8, Wharf 6, Circular Quay Wharf, Circular Quay, Sydney Circular Quay NSW


concourse-bar-cbd;https://www.zomato.com/sydney/concourse-bar-cbd;java.lang.ArrayIndexOutOfBoundsException: -1 Could not parse address: Concourse Level, Wynyard Station, CBD, Sydney CBD


the-laneway-sandwich-espresso-leura;https://www.zomato.com/sydney/the-laneway-sandwich-espresso-leura;java.lang.ArrayIndexOutOfBoundsException: -1 Could not parse address: Shop 4, Post Office Arcade, 146-148 Leura Mall, Leura, Sydney Leura


trangs-kitchen-food-truck;https://www.zomato.com/sydney/trangs-kitchen-food-truck;null Could not parse lat and lng from 


lc-cafe-lidcombe;https://www.zomato.com/sydney/lc-cafe-lidcombe;java.lang.ArrayIndexOutOfBoundsException: -1 Could not parse address: 4A, Bachell Ave Lidcombe, Lidcombe, Sydney Lidcombe


ethos-kogarah;https://www.zomato.com/sydney/ethos-kogarah;null Could not parse lat and lng from 


chuu-salad-and-juice-bar-manly;https://www.zomato.com/sydney/chuu-salad-and-juice-bar-manly;java.lang.ArrayIndexOutOfBoundsException: -1 Could not parse address: Shop 1B, 1 The Corso, Manly, Sydney Manly


the-bathers-kiosk-mosman;https://www.zomato.com/sydney/the-bathers-kiosk-mosman;java.lang.ArrayIndexOutOfBoundsException: -1 Could not parse address: The Bathers' Pavilion, 4 The Esplande, Balmoral Beach, Mosman, Sydney Mosman


sandwich-heaven-winston-hills;https://www.zomato.com/sydney/sandwich-heaven-winston-hills;java.lang.ArrayIndexOutOfBoundsException: -1 Could not parse address: Shop 28, Winston Hills Mall, Winston Hills, Sydney Winston Hills


banana-blossom-brookvale;https://www.zomato.com/sydney/banana-blossom-brookvale;java.lang.ArrayIndexOutOfBoundsException: -1 Could not parse address: Kiosk 105, Ground Level, Warringah Mall, Brookvale, Sydney Brookvale NSW


off-the-rails-cbd;https://www.zomato.com/sydney/off-the-rails-cbd;java.lang.ArrayIndexOutOfBoundsException: -1 Could not parse address: Shop 1, St. James Railway Station, CBD, Sydney CBD NSW


black-cafe-bar-mascot;https://www.zomato.com/sydney/black-cafe-bar-mascot;java.lang.ArrayIndexOutOfBoundsException: -1 Could not parse address: T3 Domestic Airport, near Check-In, Sydney Airport, Sydney NSW


sushi-potts-point;https://www.zomato.com/sydney/sushi-potts-point;java.lang.ArrayIndexOutOfBoundsException: -1 Could not parse address: Shop 5, Kings Cross Station, Potts Point, Sydney Potts Point


dough-toppings-fairfield-east;https://www.zomato.com/sydney/dough-toppings-fairfield-east;java.lang.ArrayIndexOutOfBoundsException: -1 Could not parse address: 152 Fairfield Street (Entrance on Crown Street), Fairfield East, Fairfield, Sydney Fairfield East


doras-gourmet-kitchen-kirrawee;https://www.zomato.com/sydney/doras-gourmet-kitchen-kirrawee;java.lang.ArrayIndexOutOfBoundsException: 1 Could not parse address: 8 Marshall Road


il-sapore-camden;https://www.zomato.com/sydney/il-sapore-camden;java.lang.ArrayIndexOutOfBoundsException: -1 Could not parse address: 2/33 Village Circuit, Gregory Hills, Camden, Sydney Camden


casa-by-schibello-mascot;https://www.zomato.com/sydney/casa-by-schibello-mascot;java.lang.ArrayIndexOutOfBoundsException: -1 Could not parse address: T1 International Arrivals, Forecourt, Sydney Airport, Sydney NSW


sunriser-espresso-drive-thru-coffee-food-truck;https://www.zomato.com/sydney/sunriser-espresso-drive-thru-coffee-food-truck;null Could not parse lat and lng from 


the-one-cafe-restaurant-prestons;https://www.zomato.com/sydney/the-one-cafe-restaurant-prestons;java.lang.ArrayIndexOutOfBoundsException: -1 Could not parse address: Shop B2/57 Minnamurra Circuit, Prestons, Liverpool, Sydney Prestons NSW


the-brew-lab-cafe-penrith;https://www.zomato.com/sydney/the-brew-lab-cafe-penrith;java.lang.ArrayIndexOutOfBoundsException: -1 Could not parse address: Shop 1, 134-138 Henry Street / 2 Gaymark Lane Penrith, Penrith, Penrith, Sydney Penrith NSW


fox-and-sparrow-north-sydney;https://www.zomato.com/sydney/fox-and-sparrow-north-sydney;java.lang.ArrayIndexOutOfBoundsException: -1 Could not parse address: Rear Entry, 100 Arthur Street (Enter Via Little Walker Street), North Sydney, Sydney North Sydney


an-viet-street-food-dee-why;https://www.zomato.com/sydney/an-viet-street-food-dee-why;java.lang.ArrayIndexOutOfBoundsException: -1 Could not parse address: Shop 10, 9-11 The Strand, Dee Why, Sydney Dee Why


the-social-quarter-darling-harbour;https://www.zomato.com/sydney/the-social-quarter-darling-harbour;java.lang.ArrayIndexOutOfBoundsException: -1 Could not parse address: Darling Quarter, 1-25 Harbour Street Shop 16, Darling Harbour, Sydney Darling Harbour NSW


poppys-matraville;https://www.zomato.com/sydney/poppys-matraville;java.lang.ArrayIndexOutOfBoundsException: 1 Could not parse address: 532 Bunnerong Road


naxeion-cafe-zetland;https://www.zomato.com/sydney/naxeion-cafe-zetland;java.lang.ArrayIndexOutOfBoundsException: -1 Could not parse address: 35 O'Dea Avenue NSW


wild-rooster-penshurst;https://www.zomato.com/sydney/wild-rooster-penshurst;java.lang.ArrayIndexOutOfBoundsException: -1 Could not parse address: 19 Penshurst Street Penshurst


bridge-bar-mascot;https://www.zomato.com/sydney/bridge-bar-mascot;java.lang.ArrayIndexOutOfBoundsException: -1 Could not parse address: T1 International Departures, near Gate 8, Sydney Airport, Sydney NSW


the-best-coffee-espresso-station-haymarket;https://www.zomato.com/sydney/the-best-coffee-espresso-station-haymarket;java.lang.ArrayIndexOutOfBoundsException: -1 Could not parse address: Eddy Avenue Exit, Central Station, Haymarket, Sydney Haymarket


tori-by-sushi-hon-kensington;https://www.zomato.com/sydney/tori-by-sushi-hon-kensington;java.lang.ArrayIndexOutOfBoundsException: -1 Could not parse address: Shop T6, Matthews Arcade Building, UNSW, Randwick, Sydney


the-spruce-goose-diner-food-truck;https://www.zomato.com/sydney/the-spruce-goose-diner-food-truck;null Could not parse lat and lng from 


jewel-of-india-kensington;https://www.zomato.com/sydney/jewel-of-india-kensington;java.lang.ArrayIndexOutOfBoundsException: -1 Could not parse address: Upper campus, UNSW, Kensington, Sydney Kensington


bar-navitas-kensington;https://www.zomato.com/sydney/bar-navitas-kensington;java.lang.ArrayIndexOutOfBoundsException: -1 Could not parse address: Ground Floor, Tyree Energy Technologies Building (H6), University of NSW Kensington Campus, Kensington, Sydney Kensington


purple-trees-the-cafe-summer-hill;https://www.zomato.com/sydney/purple-trees-the-cafe-summer-hill;java.lang.ArrayIndexOutOfBoundsException: 1 Could not parse address: 2 Lackey Street


matraville-chickens-matraville;https://www.zomato.com/sydney/matraville-chickens-matraville;java.lang.ArrayIndexOutOfBoundsException: 1 Could not parse address: Corner Bunnerong And Perry Street


scanccelli-cafe-belrose;https://www.zomato.com/sydney/scanccelli-cafe-belrose;java.lang.ArrayIndexOutOfBoundsException: -1 Could not parse address: Level 1, Belrose Super Center, 4-6 Niangala Close, Belrose, Sydney Belrose


chook-house-beaumont-hills;https://www.zomato.com/sydney/chook-house-beaumont-hills;java.lang.ArrayIndexOutOfBoundsException: -1 Could not parse address: Shop 4, 70 The Parkway, Beaumont Hills, Sydney Beaumont Hills


gymea-fresh-deli-gymea;https://www.zomato.com/sydney/gymea-fresh-deli-gymea;java.lang.ArrayIndexOutOfBoundsException: -1 Could not parse address: 63 Gymea Bay Road Gymea


zeinas-caf-comfort-inn-and-suites-burwood-enfield;https://www.zomato.com/sydney/zeinas-caf-comfort-inn-and-suites-burwood-enfield;java.lang.ArrayIndexOutOfBoundsException: -1 Could not parse address: Comfort Inn and Suites Enfield, 117 Liverpool Road (Hume Highway), Enfield, Sydney Enfield NSW


cafe-agave-kogarah;https://www.zomato.com/sydney/cafe-agave-kogarah;null Could not parse lat and lng from 


long-sunshine-hot-bread-penshurst;https://www.zomato.com/sydney/long-sunshine-hot-bread-penshurst;java.lang.ArrayIndexOutOfBoundsException: -1 Could not parse address: 5 Penshurst Lane Penshurst


southern-wok-kensington;https://www.zomato.com/sydney/southern-wok-kensington;java.lang.ArrayIndexOutOfBoundsException: -1 Could not parse address: Gate 8, UNSW, Kensington, Sydney Kensington


break-fast-cafe-cbd;https://www.zomato.com/sydney/break-fast-cafe-cbd;java.lang.ArrayIndexOutOfBoundsException: -1 Could not parse address: Shop W39, Level 3, Wynyard Station, 15 Carrington Street Entrance, CBD, Sydney CBD


dj-cafe-gladesville;https://www.zomato.com/sydney/dj-cafe-gladesville;java.lang.ArrayIndexOutOfBoundsException: -1 Could not parse address: Shop 14, Gladsville Shopping Arcade, Gladesville, Sydney Gladesville


percys-cafe-caringbah;https://www.zomato.com/sydney/percys-cafe-caringbah;java.lang.ArrayIndexOutOfBoundsException: 1 Could not parse address: 2-4 Northumberland Drive


styx-cafe-chatswood;https://www.zomato.com/sydney/styx-cafe-chatswood;java.lang.ArrayIndexOutOfBoundsException: 1 Could not parse address: 11 Talavera Road


cafe-la-piazza-parramatta;https://www.zomato.com/sydney/cafe-la-piazza-parramatta;null Could not parse lat and lng from 


watermark-books-cafe-mascot;https://www.zomato.com/sydney/watermark-books-cafe-mascot;java.lang.ArrayIndexOutOfBoundsException: -1 Could not parse address: Sydney Airport Terminal 3, Near Gate 6, Sydney Airport, Sydney


d-fresh-food-bar-macquarie-park;https://www.zomato.com/sydney/d-fresh-food-bar-macquarie-park;java.lang.ArrayIndexOutOfBoundsException: -1 Could not parse address: 6 Eden Park Dr Shop 1, Macquarie Park, Macquarie Park, Sydney Macquarie Park NSW


papaya-kitchen-cabramatta;https://www.zomato.com/sydney/papaya-kitchen-cabramatta;java.lang.ArrayIndexOutOfBoundsException: -1 Could not parse address: Shop 20 & 21, BKK International Fast Food Centre, Cabramatta, Sydney Cabramatta


lsh-cafe-campsie;https://www.zomato.com/sydney/lsh-cafe-campsie;java.lang.ArrayIndexOutOfBoundsException: -1 Could not parse address: Ground Floor, Shop 11, Campsie Centre, Campsie Campsie


footbridge-station-camperdown;https://www.zomato.com/sydney/footbridge-station-camperdown;java.lang.ArrayIndexOutOfBoundsException: -1 Could not parse address: Ground Floor, Holme Building, University Of Sydney, Camperdown, Sydney Camperdown NSW


round-bar-hotel-steyne-manly;https://www.zomato.com/sydney/round-bar-hotel-steyne-manly;java.lang.ArrayIndexOutOfBoundsException: -1 Could not parse address: Hotel Steyne, 75 The Corso, Manly, Sydney Manly


the-flavour-mill-belrose;https://www.zomato.com/sydney/the-flavour-mill-belrose;java.lang.ArrayIndexOutOfBoundsException: -1 Could not parse address: Shop G16 (ground floor), Belrose Super Center, 4-6 Niangala Close, Belrose, Sydney Belrose


expresso-cartel-rockdale;https://www.zomato.com/sydney/expresso-cartel-rockdale;java.lang.ArrayIndexOutOfBoundsException: -1 Could not parse address: Shop 1, Rockdale Train Station, Rockdale, Sydney Rockdale


huang-ue-cabramatta;https://www.zomato.com/sydney/huang-ue-cabramatta;java.lang.ArrayIndexOutOfBoundsException: -1 Could not parse address: Shop 12/47 Park Road Cabramatta 2161 Cabramatta


la-pomme-beaumont-hills;https://www.zomato.com/sydney/la-pomme-beaumont-hills;java.lang.ArrayIndexOutOfBoundsException: -1 Could not parse address: Shop 5, 70 The Parkway, Beaumont Hills, Sydney Beaumont Hills NSW


ningaloo-cafe-bar-redfern;https://www.zomato.com/sydney/ningaloo-cafe-bar-redfern;null Could not parse lat and lng from 


verd-manly;https://www.zomato.com/sydney/verd-manly;java.lang.ArrayIndexOutOfBoundsException: -1 Could not parse address: Shop C, 13 The Corso, Manly, Sydney Manly


picasso-takeaway-old-toongabbie;https://www.zomato.com/sydney/picasso-takeaway-old-toongabbie;java.lang.ArrayIndexOutOfBoundsException: -1 Could not parse address: Shop 5, 9-11 Picasso Cresent, Old Toongabbie, Sydney Old Toongabbie


zubi-at-billys-bilgola-beach;https://www.zomato.com/sydney/zubi-at-billys-bilgola-beach;java.lang.ArrayIndexOutOfBoundsException: -1 Could not parse address: Bilgola Beach Kiosk, The Serpentine, Bilgola Beach, Sydney Bilgola Beach


la-piazza-restaurant-wentworth-point;https://www.zomato.com/sydney/la-piazza-restaurant-wentworth-point;java.lang.ArrayIndexOutOfBoundsException: -1 Could not parse address: Shop 4A, The Piazza, 21 Bennelong Parkway, Wentworth point, Sydney Olympic Park, Sydney NSW


empire-kebabs-glenmore-park;https://www.zomato.com/sydney/empire-kebabs-glenmore-park;java.lang.ArrayIndexOutOfBoundsException: -1 Could not parse address: Shop T06/1-11 Town Terrace, Glenmore Park, Penrith, Sydney Glenmore Park


rayns-cafe-bankstown;https://www.zomato.com/sydney/rayns-cafe-bankstown;java.lang.ArrayIndexOutOfBoundsException: -1 Could not parse address: Dale Pde, Bankstown Centro, Bankstown, Sydney, NSW Bankstown


zambrero-glenmore-park-glenmore-park;https://www.zomato.com/sydney/zambrero-glenmore-park-glenmore-park;java.lang.ArrayIndexOutOfBoundsException: -1 Could not parse address: 2-11 Town Terrace, Glenmore Park, Glenmore Park, Sydney Glenmore Park


love-of-beans-carlton;https://www.zomato.com/sydney/love-of-beans-carlton;java.lang.ArrayIndexOutOfBoundsException: -1 Could not parse address: 8 Jubilee Av, Cartlon, Sydney, Carlton, Sydney Carlton


viva-fresh-grill-thornleigh;https://www.zomato.com/sydney/viva-fresh-grill-thornleigh;java.lang.ArrayIndexOutOfBoundsException: -1 Could not parse address: Thornleigh Marketplace, Comenarra Parkway, Thornleigh, Sydney Thornleigh


cafe-2232-loftus;https://www.zomato.com/sydney/cafe-2232-loftus;java.lang.ArrayIndexOutOfBoundsException: -1 Could not parse address: 113 Loftus Avenue Yarrawarrah Sydney Loftus


cappuccino-king-frenchs-forest;https://www.zomato.com/sydney/cappuccino-king-frenchs-forest;java.lang.ArrayIndexOutOfBoundsException: -1 Could not parse address: Forestway Shopping Centre, Shop 35, 2-18 Forestway, French's Forest, Frenchs Forest, Sydney Frenchs Forest


inbound-cafe-mascot;https://www.zomato.com/sydney/inbound-cafe-mascot;java.lang.ArrayIndexOutOfBoundsException: -1 Could not parse address: T2 Domestic, near Baggage Claim, Sydney Airport, Sydney NSW


foodoomooloo-turkish-street-food-woolloomooloo;https://www.zomato.com/sydney/foodoomooloo-turkish-street-food-woolloomooloo;java.lang.ArrayIndexOutOfBoundsException: -1 Could not parse address: Shop 5, 7-41 Cowper Wharf Roadway, Woolloomooloo, Sydney Woolloomooloo


fays-cafe-thornleigh;https://www.zomato.com/sydney/fays-cafe-thornleigh;java.lang.ArrayIndexOutOfBoundsException: -1 Could not parse address: Thornleigh Marketplace, Comenarra Parkway, Thornleigh, Sydney Thornleigh


espresso-warriors-brookvale;https://www.zomato.com/sydney/espresso-warriors-brookvale;java.lang.ArrayIndexOutOfBoundsException: -1 Could not parse address: Level 1, Westfield Warringah Mall, Brookdale, Sydney, Brookvale, Sydney Brookvale


kwik-stop-lunch-shop-prestons;https://www.zomato.com/sydney/kwik-stop-lunch-shop-prestons;java.lang.ArrayIndexOutOfBoundsException: -1 Could not parse address: 1/1-3 Whyalla Pl, Prestons, Liverpool, Sydney Prestons NSW


happiness-middle-eastern-food-fairfield;https://www.zomato.com/sydney/happiness-middle-eastern-food-fairfield;java.lang.ArrayIndexOutOfBoundsException: -1 Could not parse address: Nelson Street Fairfield, New South Wales, Australia, Fairfield, Sydney Fairfield


vita-espresso-blacktown;https://www.zomato.com/sydney/vita-espresso-blacktown;java.lang.ArrayIndexOutOfBoundsException: -1 Could not parse address: Shop 7, Blacktown Train Station, Blacktown, Sydney Blacktown nsw


cafe-lelunar-brookvale;https://www.zomato.com/sydney/cafe-lelunar-brookvale;java.lang.ArrayIndexOutOfBoundsException: -1 Could not parse address: Level 1, Westfield Warringah Mall, Brookvale, Sydney Brookvale


grassrootscanteen;https://www.zomato.com/sydney/grassrootscanteen;null Could not parse lat and lng from 


wharf-coffee-darling-harbour;https://www.zomato.com/sydney/wharf-coffee-darling-harbour;java.lang.ArrayIndexOutOfBoundsException: -1 Could not parse address: 22 The Promenade, King Street Wharf, Darling Harbour, Sydney Darling Harbour


sushi-rolling-penrith;https://www.zomato.com/sydney/sushi-rolling-penrith;java.lang.ArrayIndexOutOfBoundsException: -1 Could not parse address: Glenmore Park Town Centre, Glenmore Park, NSW, Penrith, Sydney Penrith


where-ya-bean-camden;https://www.zomato.com/sydney/where-ya-bean-camden;java.lang.ArrayIndexOutOfBoundsException: -1 Could not parse address: 152 Remembrance Driveway, Tahmoor, Camden, Sydney Camden


bistro-manly-manly;https://www.zomato.com/sydney/bistro-manly-manly;java.lang.ArrayIndexOutOfBoundsException: -1 Could not parse address: Novotel Sydney Manly Pacific, 55 North Steyne, Manly, Sydney Manly


the-bathers-pavilion-bistro-mosman;https://www.zomato.com/sydney/the-bathers-pavilion-bistro-mosman;java.lang.ArrayIndexOutOfBoundsException: -1 Could not parse address: The Bathers' Pavilion, 4 The Esplanade, Mosman, Sydney Mosman


the-bon-pavilion-gosford;https://www.zomato.com/sydney/the-bon-pavilion-gosford;null Could not parse lat and lng from 


the-fat-goose-hardys-bay;https://www.zomato.com/sydney/the-fat-goose-hardys-bay;null Could not parse lat and lng from 


empire-bay-tavern-empire-bay;https://www.zomato.com/sydney/empire-bay-tavern-empire-bay;null Could not parse lat and lng from 


impact-café-empire-bay;https://www.zomato.com/sydney/impact-café-empire-bay;null Could not parse lat and lng from 


304-on-west-umina-beach;https://www.zomato.com/sydney/304-on-west-umina-beach;null Could not parse lat and lng from 


coast-175-ettalong-beach;https://www.zomato.com/sydney/coast-175-ettalong-beach;null Could not parse lat and lng from 


jasmine-greens-park-kiosk-umina-beach;https://www.zomato.com/sydney/jasmine-greens-park-kiosk-umina-beach;null Could not parse lat and lng from 


the-point-cafe-avoca-beach;https://www.zomato.com/sydney/the-point-cafe-avoca-beach;null Could not parse lat and lng from 


carls-jr-3-bateau-bay;https://www.zomato.com/sydney/carls-jr-3-bateau-bay;null Could not parse lat and lng from 


the-roasted-berry-tumbi-umbi;https://www.zomato.com/sydney/the-roasted-berry-tumbi-umbi;null Could not parse lat and lng from 


sanctuary-cafe-erina-heights;https://www.zomato.com/sydney/sanctuary-cafe-erina-heights;null Could not parse lat and lng from 


ooomph-cafe-east-gosford;https://www.zomato.com/sydney/ooomph-cafe-east-gosford;null Could not parse lat and lng from 


chocolateria-san-churro-erina;https://www.zomato.com/sydney/chocolateria-san-churro-erina;null Could not parse lat and lng from 


di-matteos-restaurant-forresters-beach;https://www.zomato.com/sydney/di-matteos-restaurant-forresters-beach;null Could not parse lat and lng from 


driftwood-bar-terrigal;https://www.zomato.com/sydney/driftwood-bar-terrigal;null Could not parse lat and lng from 


cafe-mocha-bateau-bay;https://www.zomato.com/sydney/cafe-mocha-bateau-bay;null Could not parse lat and lng from 


hungry-wolfs-pizza-and-pasta-restaurant-terrigal;https://www.zomato.com/sydney/hungry-wolfs-pizza-and-pasta-restaurant-terrigal;null Could not parse lat and lng from 


bellyfish-cafe-terrigal;https://www.zomato.com/sydney/bellyfish-cafe-terrigal;null Could not parse lat and lng from 


sassafras-creek-kurrajong;https://www.zomato.com/sydney/sassafras-creek-kurrajong;null Could not parse lat and lng from 


wamberal-ocean-view-cafe-wamberal;https://www.zomato.com/sydney/wamberal-ocean-view-cafe-wamberal;null Could not parse lat and lng from 


two-birds-gallery-cafe-toowoon-bay;https://www.zomato.com/sydney/two-birds-gallery-cafe-toowoon-bay;null Could not parse lat and lng from 


corrugated-cafe-peats-ridge;https://www.zomato.com/sydney/corrugated-cafe-peats-ridge;null Could not parse lat and lng from 


golden-tree-cafe-toukley;https://www.zomato.com/sydney/golden-tree-cafe-toukley;null Could not parse lat and lng from 


the-secret-cafe-charmhaven;https://www.zomato.com/sydney/the-secret-cafe-charmhaven;null Could not parse lat and lng from 


bella-natural-food-co-terrigal;https://www.zomato.com/sydney/bella-natural-food-co-terrigal;null Could not parse lat and lng from 


coast-89-toowoon-bay;https://www.zomato.com/sydney/coast-89-toowoon-bay;null Could not parse lat and lng from 


watersedge-seafood-restaurant-the-entrance;https://www.zomato.com/sydney/watersedge-seafood-restaurant-the-entrance;null Could not parse lat and lng from 


green-bean-cafe-toukley;https://www.zomato.com/sydney/green-bean-cafe-toukley;null Could not parse lat and lng from 


the-glass-onion-society-long-jetty;https://www.zomato.com/sydney/the-glass-onion-society-long-jetty;null Could not parse lat and lng from 


green-gallows-terrigal;https://www.zomato.com/sydney/green-gallows-terrigal;null Could not parse lat and lng from 


soul-origin-lake-haven;https://www.zomato.com/sydney/soul-origin-lake-haven;null Could not parse lat and lng from 


the-general-store-toukley;https://www.zomato.com/sydney/the-general-store-toukley;null Could not parse lat and lng from 


chillax-cafe-east-toukley;https://www.zomato.com/sydney/chillax-cafe-east-toukley;null Could not parse lat and lng from 


rashays-tuggerah;https://www.zomato.com/sydney/rashays-tuggerah;null Could not parse lat and lng from 


avoca-beach-seafoods-avoca-beach;https://www.zomato.com/sydney/avoca-beach-seafoods-avoca-beach;null Could not parse lat and lng from 


milk-factory-cafe-wyong;https://www.zomato.com/sydney/milk-factory-cafe-wyong;null Could not parse lat and lng from 


karinyas-restaurant-and-wine-bar-wyong;https://www.zomato.com/sydney/karinyas-restaurant-and-wine-bar-wyong;null Could not parse lat and lng from 


cove-cafe-terrigal;https://www.zomato.com/sydney/cove-cafe-terrigal;null Could not parse lat and lng from 


the-village-emporium-wamberal;https://www.zomato.com/sydney/the-village-emporium-wamberal;null Could not parse lat and lng from 


wise-food-cafe-avoca-beach;https://www.zomato.com/sydney/wise-food-cafe-avoca-beach;null Could not parse lat and lng from 


mcdonalds-lake-haven;https://www.zomato.com/sydney/mcdonalds-lake-haven;null Could not parse lat and lng from 


amillys-tuggerah;https://www.zomato.com/sydney/amillys-tuggerah;null Could not parse lat and lng from 


all-malay-avoca-beach;https://www.zomato.com/sydney/all-malay-avoca-beach;null Could not parse lat and lng from 


the-bon-pavilion-gosford;https://www.zomato.com/sydney/the-bon-pavilion-gosford;null Could not parse lat and lng from 


bruces-ozzie-pizza-bateau-bay;https://www.zomato.com/sydney/bruces-ozzie-pizza-bateau-bay;null Could not parse lat and lng from 


999-thai-kincumber;https://www.zomato.com/sydney/999-thai-kincumber;null Could not parse lat and lng from 


aromas-on-sea-terrigal;https://www.zomato.com/sydney/aromas-on-sea-terrigal;null Could not parse lat and lng from 


mcdonalds-wyong;https://www.zomato.com/sydney/mcdonalds-wyong;null Could not parse lat and lng from 


body-fuel-cafe-terrigal;https://www.zomato.com/sydney/body-fuel-cafe-terrigal;null Could not parse lat and lng from 


jamaica-blue-lake-haven;https://www.zomato.com/sydney/jamaica-blue-lake-haven;null Could not parse lat and lng from 


taste-gourmet-grocer-cafe-east-gosford;https://www.zomato.com/sydney/taste-gourmet-grocer-cafe-east-gosford;null Could not parse lat and lng from 


the-burrow-coffee-house-the-entrance;https://www.zomato.com/sydney/the-burrow-coffee-house-the-entrance;null Could not parse lat and lng from 


rjs-diner-woy-woy-woy-woy;https://www.zomato.com/sydney/rjs-diner-woy-woy-woy-woy;null Could not parse lat and lng from 


asian-chef-terrigal;https://www.zomato.com/sydney/asian-chef-terrigal;null Could not parse lat and lng from 


fahrenheit-cafe-east-gosford;https://www.zomato.com/sydney/fahrenheit-cafe-east-gosford;null Could not parse lat and lng from 


lords-of-pour-ettalong-beach;https://www.zomato.com/sydney/lords-of-pour-ettalong-beach;null Could not parse lat and lng from 


soul-origin-tuggerah;https://www.zomato.com/sydney/soul-origin-tuggerah;null Could not parse lat and lng from 


humble-pie-and-profiterole-shop-the-entrance;https://www.zomato.com/sydney/humble-pie-and-profiterole-shop-the-entrance;null Could not parse lat and lng from 


harrisons-on-terrigal-terrigal;https://www.zomato.com/sydney/harrisons-on-terrigal-terrigal;null Could not parse lat and lng from 


the-cats-pyjamas-ettalong-beach;https://www.zomato.com/sydney/the-cats-pyjamas-ettalong-beach;null Could not parse lat and lng from 


maccoa-terrigal;https://www.zomato.com/sydney/maccoa-terrigal;null Could not parse lat and lng from 


mcdonalds-3-wyong;https://www.zomato.com/sydney/mcdonalds-3-wyong;null Could not parse lat and lng from 


son-of-a-bean-1-gosford;https://www.zomato.com/sydney/son-of-a-bean-1-gosford;null Could not parse lat and lng from 


mumbo-jumbos-beachhouse-terrigal;https://www.zomato.com/sydney/mumbo-jumbos-beachhouse-terrigal;null Could not parse lat and lng from 


keto-kafe-erina;https://www.zomato.com/sydney/keto-kafe-erina;null Could not parse lat and lng from 


the-sandbar-cafe-ettalong-beach;https://www.zomato.com/sydney/the-sandbar-cafe-ettalong-beach;null Could not parse lat and lng from 


garden-2-plate-hardys-bay;https://www.zomato.com/sydney/garden-2-plate-hardys-bay;null Could not parse lat and lng from 


kemu-terrigal;https://www.zomato.com/sydney/kemu-terrigal;null Could not parse lat and lng from 


delees-cafe-takeaway-blue-bay;https://www.zomato.com/sydney/delees-cafe-takeaway-blue-bay;null Could not parse lat and lng from 


soul-origin-erina;https://www.zomato.com/sydney/soul-origin-erina;null Could not parse lat and lng from 


short-black-espresso-bar-and-cafe-woy-woy;https://www.zomato.com/sydney/short-black-espresso-bar-and-cafe-woy-woy;null Could not parse lat and lng from 


mc-donalds-wyoming-wyoming;https://www.zomato.com/sydney/mc-donalds-wyoming-wyoming;null Could not parse lat and lng from 


all-about-taste-wyong;https://www.zomato.com/sydney/all-about-taste-wyong;null Could not parse lat and lng from 


croissant-bakery-gosford;https://www.zomato.com/sydney/croissant-bakery-gosford;null Could not parse lat and lng from 


jerrys-gourmet-kitchen-cafe-gosford;https://www.zomato.com/sydney/jerrys-gourmet-kitchen-cafe-gosford;null Could not parse lat and lng from 


rubys-cafe-books-umina-beach;https://www.zomato.com/sydney/rubys-cafe-books-umina-beach;null Could not parse lat and lng from 


island-time-terrigal;https://www.zomato.com/sydney/island-time-terrigal;null Could not parse lat and lng from 


jamaica-blue-erina;https://www.zomato.com/sydney/jamaica-blue-erina;null Could not parse lat and lng from 


mcdonalds-tumbi-umbi;https://www.zomato.com/sydney/mcdonalds-tumbi-umbi;null Could not parse lat and lng from 


feeding-frenzy-cafe-kurrajong;https://www.zomato.com/sydney/feeding-frenzy-cafe-kurrajong;null Could not parse lat and lng from 


mcdonalds-bateau-bay;https://www.zomato.com/sydney/mcdonalds-bateau-bay;null Could not parse lat and lng from 


rolld-erina;https://www.zomato.com/sydney/rolld-erina;null Could not parse lat and lng from 


spiceaffair-the-entrance;https://www.zomato.com/sydney/spiceaffair-the-entrance;null Could not parse lat and lng from 


mcdonalds-2-wyong;https://www.zomato.com/sydney/mcdonalds-2-wyong;null Could not parse lat and lng from 


hq-cafe-bar-terrigal;https://www.zomato.com/sydney/hq-cafe-bar-terrigal;null Could not parse lat and lng from 


the-old-bank-cafe-restaurant-the-entrance;https://www.zomato.com/sydney/the-old-bank-cafe-restaurant-the-entrance;null Could not parse lat and lng from 


jbs-in-the-jetty-long-jetty;https://www.zomato.com/sydney/jbs-in-the-jetty-long-jetty;null Could not parse lat and lng from 


toast-co-the-entrance;https://www.zomato.com/sydney/toast-co-the-entrance;null Could not parse lat and lng from 


treetops-restaurant-avoca-beach;https://www.zomato.com/sydney/treetops-restaurant-avoca-beach;null Could not parse lat and lng from 


jamaica-blue-tuggerah;https://www.zomato.com/sydney/jamaica-blue-tuggerah;null Could not parse lat and lng from 


poppys-pretzels-tuggerah;https://www.zomato.com/sydney/poppys-pretzels-tuggerah;null Could not parse lat and lng from 


cafe-ninas-gosford;https://www.zomato.com/sydney/cafe-ninas-gosford;null Could not parse lat and lng from 


mcdonalds-tuggerah;https://www.zomato.com/sydney/mcdonalds-tuggerah;null Could not parse lat and lng from 


the-coffee-club-bateau-bay-bateau-bay;https://www.zomato.com/sydney/the-coffee-club-bateau-bay-bateau-bay;null Could not parse lat and lng from 


soul-cake-ettalong-beach;https://www.zomato.com/sydney/soul-cake-ettalong-beach;null Could not parse lat and lng from 


mesa-by-ministry-east-gosford;https://www.zomato.com/sydney/mesa-by-ministry-east-gosford;null Could not parse lat and lng from 


hogs-australias-steakhouse-1-terrigal;https://www.zomato.com/sydney/hogs-australias-steakhouse-1-terrigal;null Could not parse lat and lng from 


the-scarlett-table-ettalong-beach;https://www.zomato.com/sydney/the-scarlett-table-ettalong-beach;null Could not parse lat and lng from 


jamaica-blue-1-gosford;https://www.zomato.com/sydney/jamaica-blue-1-gosford;null Could not parse lat and lng from 


mcdonalds-erina;https://www.zomato.com/sydney/mcdonalds-erina;null Could not parse lat and lng from 


fare-cravin-cafe-gosford;https://www.zomato.com/sydney/fare-cravin-cafe-gosford;null Could not parse lat and lng from 


jamaica-blue-gosford;https://www.zomato.com/sydney/jamaica-blue-gosford;null Could not parse lat and lng from 


silvertree-cafe-erina;https://www.zomato.com/sydney/silvertree-cafe-erina;null Could not parse lat and lng from 


mcdonalds-1-gosford;https://www.zomato.com/sydney/mcdonalds-1-gosford;null Could not parse lat and lng from 


the-boathouse-hotel-patonga-umina-beach;https://www.zomato.com/sydney/the-boathouse-hotel-patonga-umina-beach;null Could not parse lat and lng from 


mcdonalds-gosford;https://www.zomato.com/sydney/mcdonalds-gosford;null Could not parse lat and lng from 


mcdonalds-kincumber;https://www.zomato.com/sydney/mcdonalds-kincumber;null Could not parse lat and lng from 


coffee-guru-kincumber-kincumber;https://www.zomato.com/sydney/coffee-guru-kincumber-kincumber;null Could not parse lat and lng from 


mcdonalds-umina-beach;https://www.zomato.com/sydney/mcdonalds-umina-beach;null Could not parse lat and lng from 


mcdonalds-woy-woy;https://www.zomato.com/sydney/mcdonalds-woy-woy;null Could not parse lat and lng from 


half-tide-brasserie-ettalong-beach;https://www.zomato.com/sydney/half-tide-brasserie-ettalong-beach;null Could not parse lat and lng from 


